gene,strand,downstream_gene,AGR_pos,wt_codon,type,mRNA_CGA,mRNA_CGC,mRNA_CGG,mRNA_CGT,RBS_CGA,RBS_CGC,RBS_CGG,RBS_CGT
ilvI,1,ilvH,1717,AGA,AGR in RBS of downstream,0.9579,0.9838,1.0099,0.9443,0.8737,0.7298,0.956,1.2524
rsmH,1,ftsL,928,AGG,AGR in RBS of downstream,1.0956,1.1642,1.0991,1.1288,0.0685,0.0382,0.1488,0.0418
ftsI,1,murE,1759,AGA,AGR in RBS of downstream,0.9728,1.0222,1.0506,0.9901,1.0,1.0,1.0,1.0
fes,1,ybdZ,1195,AGG,AGR in RBS of downstream,0.9806,1.0445,1.0097,1.0151,0.0538,0.0374,0.7985,0.0358
gsiC,1,gsiD,910,AGG,AGR in RBS of downstream,1.0577,1.0431,1.0346,1.0324,0.0172,0.0157,0.6669,0.012
ybjC,1,nfsA,259,AGA,AGR in RBS of downstream,1.0904,1.1831,1.0904,1.2154,1.046,0.3507,1.62,0.3064
elfC,1,elfG,2596,AGA,AGR in RBS of downstream,0.9836,0.9945,1.0152,0.9945,1.0,1.0,1.0,1.0
pqiB,1,pqiC,1627,AGG,AGR in RBS of downstream,1.0197,1.0287,1.0233,1.0316,0.5055,0.0698,0.5287,0.0763
ymcE,1,gnsA,202,AGA,AGR in RBS of downstream,1.0,0.9916,1.0225,0.9916,1.0,1.0,1.0,1.0
yciV,1,yciO,871,AGG,AGR in RBS of downstream,0.9681,0.9468,1.0372,0.9965,0.1159,0.0968,0.132,0.0926
pspB,1,pspC,214,AGG,AGR in RBS of downstream,0.9775,1.0096,0.9887,0.9693,0.0041,0.0025,0.0145,0.0006
ycjO,1,ycjP,850,AGG,AGR in RBS of downstream,1.0363,1.0553,1.0973,1.0305,1.0,1.0,1.0,1.0
paaX,1,paaY,946,AGA,AGR in RBS of downstream,0.9222,0.9999,0.9586,0.9758,1.0,1.0,1.0,1.0
ydcT,1,ydcU,1009,AGG,AGR in RBS of downstream,0.9486,0.9568,1.0339,0.9238,0.8737,0.7298,0.956,0.956
ydiN,1,ydiB,1258,AGA,AGR in RBS of downstream,1.0545,1.0545,1.0842,1.1089,1.0,1.0,1.0,1.0
ydjZ,1,ynjA,697,AGG,AGR in RBS of downstream,0.9897,0.9515,1.0596,0.9464,0.3371,0.1641,0.6005,0.1641
ynjC,1,ynjD,1519,AGA,AGR in RBS of downstream,1.0629,1.0629,1.0844,1.0629,1.0,1.0,1.0,1.0
fliJ,1,fliK,430,AGG,AGR in RBS of downstream,1.1041,1.1351,1.085,1.1248,0.0806,0.0374,0.2165,0.041
fliO,1,fliP,358,AGA,AGR in RBS of downstream,0.9956,0.9635,0.9823,0.9965,0.4075,0.3447,1.503,0.4459
hisF,1,hisI,766,AGG,AGR in RBS of downstream,1.0033,1.1053,1.0033,0.9967,0.5091,0.0769,0.5091,0.5091
iceT,1,baeS,1402,AGG,AGR in RBS of downstream,0.9986,1.0401,1.0158,1.0113,0.0262,0.0106,0.4065,0.0191
baeS,1,baeR,1393,AGA,AGR in RBS of downstream,1.0729,1.1276,1.1955,1.0725,0.632,0.1444,0.8737,0.2282
yfiN,1,yfiB,1222,AGA,AGR in RBS of downstream,1.0152,1.0152,1.0152,1.0152,1.0,1.0,1.0,1.0
ygbL,1,ygbM,631,AGG,AGR in RBS of downstream,0.9708,0.9602,0.988,0.9583,0.0201,0.0015,0.3552,0.0106
ygcN,1,ygcO,1252,AGG,AGR in RBS of downstream,0.9634,0.9922,1.0248,0.9855,0.0616,0.0093,0.5326,0.025
lpoA,1,yraN,1984,AGG,AGR in RBS of downstream,0.9973,1.0022,1.01,0.9888,0.1514,0.0703,0.7985,0.0769
lptC,1,lptA,535,AGA,AGR in RBS of downstream,1.0304,1.0217,1.1051,1.1116,1.0,1.0,1.5432,1.046
gspC,1,gspD,805,AGG,AGR in RBS of downstream,0.9915,1.2283,1.0254,1.131,1.0,1.0,1.0,1.0
gspH,1,gspI,493,AGA,AGR in RBS of downstream,0.997,1.0347,1.0962,1.0122,1.046,0.0991,0.2668,0.2036
gspL,1,gspM,1147,AGG,AGR in RBS of downstream,1.0388,1.0867,1.0344,1.0194,0.006,0.006,0.4653,0.006
gspM,1,gspO,448,AGG,AGR in RBS of downstream,1.0172,1.0172,1.0,0.9442,0.0841,0.088,0.4065,0.0672
frlC,1,frlD,826,AGA,AGR in RBS of downstream,1.0,1.049,1.0647,1.014,0.5571,99999999.0,0.3077,0.3319
rhsB,1,yhhH,4216,AGA,AGR in RBS of downstream,0.9876,1.1051,0.9917,1.0353,1.0,1.0,1.0,1.0
bcsF,1,bcsG,175,AGG,AGR in RBS of downstream,1.0267,0.948,0.9951,1.0273,3.7484,0.9946,0.5611,0.869
xylG,1,xylH,1507,AGG,AGR in RBS of downstream,1.0281,1.0605,1.0622,1.0394,0.0257,0.0159,0.3396,0.0159
rhsJ,1,yibG,940,AGA,AGR in RBS of downstream,0.9658,0.9979,0.9658,0.9658,1.0,1.0,1.0,1.0
lldR,1,lldD,760,AGG,AGR in RBS of downstream,1.0488,1.0556,1.1467,1.1092,0.0299,0.0218,0.0804,0.0071
envC,1,yibQ,1255,AGA,AGR in RBS of downstream,0.9928,0.9849,0.9664,1.0264,1.0,0.7985,4.8315,1.0942
yidD,1,yidC,247,AGA,AGR in RBS of downstream,1.0253,1.1541,1.0218,1.0831,1.046,0.3824,1.5432,0.1486
rbsK,1,rbsR,925,AGG,AGR in RBS of downstream,1.0243,0.9996,1.0835,0.9954,0.0382,0.0382,0.0055,0.0267
wecD,1,wecE,670,AGG,AGR in RBS of downstream,0.9472,1.0205,1.0488,0.9811,0.2148,0.1046,0.7985,0.1094
wzxE,1,wecF,1240,AGG,AGR in RBS of downstream,1.0219,1.096,1.0474,1.0968,10.3123,0.0513,0.8353,18.5116
wecF,1,wzyE,1066,AGG,AGR in RBS of downstream,0.8868,0.8902,0.93,0.8925,0.0452,0.0361,0.138,0.0288
secE,1,nusG,376,AGG,AGR in RBS of downstream,0.9664,1.0672,0.9776,1.007,0.0637,0.001,0.207,0.0329
nrfF,1,nrfG,370,AGG,AGR in RBS of downstream,0.8986,0.9499,0.9951,0.9011,0.1363,0.0049,0.1422,0.0128
yjjQ,1,bglJ,706,AGA,AGR in RBS of downstream,1.1147,1.2055,1.1481,1.1386,1.0,1.0,1.0,1.0
creB,1,creC,679,AGG,AGR in RBS of downstream,1.1041,1.1069,1.1403,1.1071,0.5841,0.101,0.2165,0.0923
yjjI,-1,yjjW,451,AGA,AGR in RBS of downstream,1.0,1.0,1.0,1.0,1.0,1.0,1.0,1.0
yjjP,-1,yjjB,346,AGA,AGR in RBS of downstream,1.0,1.0,1.0,1.0,1.0,1.0,1.0,1.0
dnaT,-1,dnaC,532,AGA,AGR in RBS of downstream,1.0,1.0261,1.0,1.0,1.046,0.2705,4.2112,0.1974
mcrB,-1,mcrC,1042,AGA,AGR in RBS of downstream,1.0,1.0,1.0,1.0,1.0,1.0,1.0,1.0
nanC,-1,nanM,664,AGA,AGR in RBS of downstream,1.0,1.0,1.0,1.0,1.0,1.0,1.0,1.0
yjhX,-1,yjhQ,52,AGA,AGR in RBS of downstream,1.0,1.0,1.0,1.0,1.0,1.0,1.0,1.0
sgcX,-1,sgcB,754,AGG,AGR in RBS of downstream,1.0,1.0,1.0,1.0,1.0,1.0,1.0,1.0
sgcC,-1,sgcQ,1051,AGG,AGR in RBS of downstream,1.0,1.0,1.0,1.0,1.0,1.0,1.0,1.0
sgcE,-1,sgcR,241,AGA,AGR in RBS of downstream,1.0,1.0,1.0,1.0,1.0,1.0,1.0,1.0
yjhI,-1,yjhH,754,AGA,AGR in RBS of downstream,1.0,1.0,1.0,1.0,1.0,1.0,1.0,1.0
fecB,-1,fecC,487,AGG,AGR in RBS of downstream,1.0,1.0,1.0,1.0,1.0,1.0,1.0,1.0
fecC,-1,fecD,988,AGG,AGR in RBS of downstream,0.9441,0.9486,1.0,0.9453,0.0347,0.038,0.132,0.038
fecD,-1,fecE,946,AGA,AGR in RBS of downstream,0.9445,0.9291,0.9335,0.95,0.3194,0.1765,1.7567,0.1851
pyrL,-1,pyrB,130,AGA,AGR in RBS of downstream,1.0952,1.1814,1.1589,1.0783,0.132,0.0963,0.9139,0.1054
dcuS,-1,dcuR,1627,AGA,AGR in RBS of downstream,1.0581,1.0988,1.0763,1.0307,0.2893,99999999.0,0.1748,0.1724
eptA,-1,basR,1630,AGA,AGR in RBS of downstream,1.0013,1.0611,1.0707,1.0494,0.2573,0.0045,0.6669,0.132
phnM,-1,phnN,1126,AGG,AGR in RBS of downstream,0.9935,0.9767,1.0,0.9729,0.3896,0.0741,0.2967,0.0647
alsA,-1,alsC,826,AGA,AGR in RBS of downstream,1.0,1.0,1.0,1.0,1.0,1.0,1.0,1.0
alsC,-1,alsE,16,AGA,AGR in RBS of downstream,1.0,1.0,1.0,1.0,1.0,1.0,1.0,1.0
alsE,-1,alsK,631,AGA,AGR in RBS of downstream,1.0,1.0,1.0,1.0,1.0,1.0,1.0,1.0
ytcA,-1,mdtN,172,AGG,AGR in RBS of downstream,1.0,1.0,1.0,1.0,1.0,1.0,1.0,1.0
mdtN,-1,mdtO,472,AGA,AGR in RBS of downstream,1.0,1.0,1.0,1.0,1.0,1.0,1.0,1.0
mdtO,-1,mdtP,1825,AGA,AGR in RBS of downstream,1.0,1.0,1.0,1.0,1.0,1.0,1.0,1.0
yjcH,-1,actP,46,AGG,AGR in RBS of downstream,1.0,1.0,1.0,1.0,1.0,1.0,1.0,1.0
thiC,-1,thiE,1858,AGA,AGR in RBS of downstream,1.0,1.0,1.0,1.0,1.0,1.0,1.0,1.0
fdoG,-1,fdoH,16,AGG,AGR in RBS of downstream,1.0,1.0,1.0,1.0,1.0,1.0,1.0,1.0
glnL,-1,glnG,1042,AGG,AGR in RBS of downstream,0.97,0.985,0.9877,0.97,1.0,1.0,1.0,1.0
mobA,-1,mobB,334,AGG,AGR in RBS of downstream,1.0,1.0,1.0,1.0,1.0,1.0,1.0,1.0
yigG,-1,yigF,43,AGA,AGR in RBS of downstream,1.0,1.0,1.0,1.0,1.0,1.0,1.0,1.0
hemC,-1,hemD,19,AGA,AGR in RBS of downstream,1.0,1.0,1.0,1.0,1.0,1.0,1.0,1.0
hemX,-1,hemY,43,AGG,AGR in RBS of downstream,1.0,1.0,1.0,1.0,1.0,1.0,1.0,1.0
ravA,-1,viaA,28,AGA,AGR in RBS of downstream,1.0,1.0,1.0,1.0,1.0,1.0,1.0,1.0
bglF,-1,bglB,16,AGA,AGR in RBS of downstream,1.0,1.0,1.0,1.0,1.0,1.0,1.0,1.0
yieL,-1,yieK,706,AGA,AGR in RBS of downstream,1.0,1.0,1.0,1.0,1.0,1.0,1.0,1.0
dnaA,-1,dnaN,1387,AGA,AGR in RBS of downstream,1.0016,0.9934,1.0132,0.9852,1.0,1.0,1.0,1.0
dnaN,-1,recF,1093,AGA,AGR in RBS of downstream,0.9912,0.9962,1.0983,0.9753,0.158,0.1153,0.1153,0.1584
dgoR,-1,dgoK,670,AGG,AGR in RBS of downstream,0.9904,1.0026,1.0157,0.9817,1.0,1.0,1.0,1.0
dgoK,-1,dgoA,850,AGG,AGR in RBS of downstream,0.9289,0.9753,1.0,0.933,0.0927,0.0614,0.3552,0.0735
dgoA,-1,dgoD,232,AGG,AGR in RBS of downstream,1.0,1.0,1.0,1.0,1.0,1.0,1.0,1.0
yidG,-1,yidF,352,AGA,AGR in RBS of downstream,1.0297,1.1128,1.025,1.0408,0.4065,0.1839,0.6977,0.3155
ilvB,-1,ilvN,424,AGA,AGR in RBS of downstream,1.0,1.0,1.0,1.0,1.0,1.0,1.0,1.0
waaQ,-1,waaG,1018,AGG,AGR in RBS of downstream,1.0482,1.0482,1.0289,1.0324,0.1217,0.0831,0.7985,0.0309
waaG,-1,waaP,517,AGA,AGR in RBS of downstream,1.0,1.0,1.0,1.0,1.0,1.0,1.0,1.0
waaB,-1,waaO,1072,AGG,AGR in RBS of downstream,0.9569,0.9547,1.0885,0.9525,0.0769,0.0561,0.138,0.0614
waaR,-1,waaY,928,AGA,AGR in RBS of downstream,1.0,1.0,1.0,1.0,1.0,1.0,1.0,1.0
glyQ,-1,glyS,19,AGG,AGR in RBS of downstream,1.0,1.0,1.0,1.0,1.0,1.0,1.0,1.0
dppD,-1,dppF,970,AGG,AGR in RBS of downstream,1.0294,0.9549,0.9925,0.9587,0.0039,0.0061,0.132,0.0541
bcsA,-1,bcsB,946,AGG,AGR in RBS of downstream,1.0,1.0,1.0,1.0,1.0,1.0,1.0,1.0
bcsB,-1,bcsZ,7,AGA,AGR in RBS of downstream,1.0,1.0,1.0,1.0,1.0,1.0,1.0,1.0
yhiI,-1,rbbA,1054,AGG,AGR in RBS of downstream,0.9048,0.8747,0.9307,0.9669,0.0305,0.0437,0.0142,0.0382
rbbA,-1,yhhJ,1327,AGG,AGR in RBS of downstream,1.0,1.0,1.0,1.0,1.0,1.0,1.0,1.0
ftsE,-1,ftsX,43,AGA,AGR in RBS of downstream,1.0,1.0,1.0,1.0,1.0,1.0,1.0,1.0
glgB,-1,glgX,19,AGA,AGR in RBS of downstream,1.0,1.0,1.0,1.0,1.0,1.0,1.0,1.0
glgX,-1,glgC,1969,AGA,AGR in RBS of downstream,1.0,1.0087,1.0,1.0017,1.0,1.0,1.0,1.0
glgC,-1,glgA,319,AGA,AGR in RBS of downstream,1.0,1.0,1.0,1.0,1.0,1.0,1.0,1.0
rtcB,-1,rtcA,799,AGA,AGR in RBS of downstream,1.0,1.0,1.0,1.0,1.0,1.0,1.0,1.0
hofM,-1,hofN,445,AGG,AGR in RBS of downstream,1.0,1.0,1.0,1.0,1.0,1.0,1.0,1.0
hofN,-1,hofO,511,AGG,AGR in RBS of downstream,0.9905,0.936,1.0166,0.9454,0.051,0.0248,0.2165,0.0584
hofP,-1,hofQ,4,AGG,AGR in RBS of downstream,1.0,1.0,1.0,1.0,1.0,1.0,1.0,1.0
yhfG,-1,fic,148,AGG,AGR in RBS of downstream,0.8938,0.9088,0.9108,0.9521,0.0432,0.023,0.3246,0.0192
kefG,-1,kefB,505,AGA,AGR in RBS of downstream,1.0,1.0,1.0,1.0,1.0,1.0,1.0,1.0
kefB,-1,yheV,1717,AGG,AGR in RBS of downstream,1.0,1.0,1.0,1.0,1.0,1.0,1.0,1.0
yheO,-1,tusD,7,AGG,AGR in RBS of downstream,1.0,1.0,1.0,1.0,1.0,1.0,1.0,1.0
tusD,-1,tusC,370,AGG,AGR in RBS of downstream,1.0069,1.0069,1.0234,1.0609,0.207,0.2165,1.0,0.1979
tusC,-1,tusB,352,AGG,AGR in RBS of downstream,1.0016,1.0016,1.0522,1.0016,1.0,0.3715,1.0,1.0
gspA,-1,gspB,955,AGA,AGR in RBS of downstream,1.0,1.0,1.0,1.0,1.0,1.0,1.0,1.0
rplX,-1,rplE,256,AGA,AGR in RBS of downstream,1.0,1.0,1.0,1.0,1.0,1.0,1.0,1.0
yhdN,-1,zntR,190,AGA,AGR in RBS of downstream,1.0,1.0,1.0,1.0,1.0,1.0,1.0,1.0
smf,-1,smg,1087,AGG,AGR in RBS of downstream,1.0183,0.9894,1.0659,0.9894,0.0081,0.0058,0.0273,0.0054
tsaC,-1,aroE,19,AGA,AGR in RBS of downstream,1.0,1.0,1.0,1.0,1.0,1.0,1.0,1.0
aroE,-1,yrdB,211,AGA,AGR in RBS of downstream,1.0,1.0,1.0,1.0,1.0,1.0,1.0,1.0
mreC,-1,mreD,1045,AGG,AGR in RBS of downstream,1.0,1.0,1.0,1.0,1.0,1.0,1.0,1.0
mreD,-1,yhdE,391,AGA,AGR in RBS of downstream,1.0,1.0,1.0,1.0,1.0,1.0,1.0,1.0
yhdE,-1,rng,574,AGG,AGR in RBS of downstream,1.0,1.048,1.0194,1.0894,1.0857,0.1715,0.7985,0.111
aaeA,-1,aaeB,16,AGA,AGR in RBS of downstream,1.0,1.0,1.0,1.0,1.0,1.0,1.0,1.0
nanK,-1,yhcH,667,AGG,AGR in RBS of downstream,1.0,1.0,1.0,1.0,1.0,1.0,1.0,1.0
mlaE,-1,mlaD,52,AGA,AGR in RBS of downstream,1.0,1.0,1.0,1.0,1.0,1.0,1.0,1.0
yhbE,-1,obgE,826,AGA,AGR in RBS of downstream,1.0,1.0,1.0,1.0,1.0,1.0,1.0,1.0
yrbN,-1,deaD,37,AGA,AGR in RBS of downstream,1.0,1.0,1.0,1.0,1.0,1.0,1.0,1.0
tdcB,-1,tdcC,910,AGA,AGR in RBS of downstream,1.0,1.0,1.0,1.0,1.0,1.0,1.0,1.0
nudF,-1,yqiB,103,AGA,AGR in RBS of downstream,1.0,1.0,1.0,1.0,1.0,1.0,1.0,1.0
cpdA,-1,yqiA,46,AGG,AGR in RBS of downstream,1.0,1.0,1.0,1.0,1.0,1.0,1.0,1.0
mqsR,-1,mqsA,220,AGG,AGR in RBS of downstream,1.0,1.0,1.0,1.0,1.0,1.0,1.0,1.0
hybA,-1,hybB,7,AGA,AGR in RBS of downstream,1.0,1.0,1.0,1.0,1.0,1.0,1.0,1.0
hybC,-1,hybD,10,AGA,AGR in RBS of downstream,1.0,1.0,1.0,1.0,1.0,1.0,1.0,1.0
hybE,-1,hybF,469,AGG,AGR in RBS of downstream,1.0654,1.0874,1.0654,1.0654,0.0207,0.0207,0.1808,0.0207
glcF,-1,glcG,442,AGA,AGR in RBS of downstream,1.0,1.0,1.0,1.0,1.0,1.0,1.0,1.0
trmI,-1,yggL,709,AGG,AGR in RBS of downstream,1.0413,1.1589,1.1197,1.0688,0.2573,0.0898,0.5287,0.1541
cmtA,-1,yggP,1105,AGG,AGR in RBS of downstream,1.0,1.0,1.0,1.0,1.0,1.0,1.0,1.0
yggF,-1,yggD,817,AGG,AGR in RBS of downstream,1.0,1.0,1.0,1.0,1.0,1.0,1.0,1.0
pepP,-1,ubiH,1315,AGA,AGR in RBS of downstream,1.0266,1.03,1.0266,1.0289,0.0491,0.0491,0.0491,0.0771
ygfT,-1,ygfS,1870,AGG,AGR in RBS of downstream,1.0,1.0,1.0,1.0,1.0,1.0,1.0,1.0
rppH,-1,ptsP,523,AGA,AGR in RBS of downstream,1.0,1.0109,1.0,1.026,1.0,1.0,1.0,1.0
ppdA,-1,ppdB,427,AGA,AGR in RBS of downstream,1.0,1.0,1.0,1.0,1.0,1.0,1.0,1.0
ppdB,-1,ygdB,190,AGG,AGR in RBS of downstream,1.0,1.0,1.0,1.0,1.0,1.0,1.0,1.0
ygdB,-1,ppdC,385,AGG,AGR in RBS of downstream,1.0205,1.0205,1.1223,1.0205,0.0564,0.0471,0.1262,0.0809
ppdC,-1,recC,280,AGA,AGR in RBS of downstream,1.0,1.0,1.0,1.0,1.0,1.0,1.0,1.0
truC,-1,yqcA,733,AGG,AGR in RBS of downstream,1.0,1.0,1.0,1.0,1.0,1.0,1.0,1.0
gudP,-1,gudX,442,AGG,AGR in RBS of downstream,1.0,1.0,1.0,1.0,1.0,1.0,1.0,1.0
ygcR,-1,ygcQ,766,AGG,AGR in RBS of downstream,0.9431,0.9765,0.9835,0.9332,0.1384,0.049,0.3886,0.0703
casA,-1,casB,1261,AGG,AGR in RBS of downstream,1.0,1.0,1.0,1.0,1.0,1.0,1.0,1.0
casB,-1,casC,403,AGG,AGR in RBS of downstream,1.0,1.0,1.0,1.0,1.0,1.0,1.0,1.0
casC,-1,casD,730,AGG,AGR in RBS of downstream,1.0,1.0,1.0,1.0,1.0,1.0,1.0,1.0
casD,-1,casE,445,AGA,AGR in RBS of downstream,1.0,1.0,1.0,1.0,1.0,1.0,1.0,1.0
casE,-1,ygbT,88,AGA,AGR in RBS of downstream,1.0,1.0,1.0,1.0,1.0,1.0,1.0,1.0
ygbT,-1,ygbF,754,AGG,AGR in RBS of downstream,1.0,1.0,1.0,1.0,1.0,1.0,1.0,1.0
ftsB,-1,ispD,235,AGG,AGR in RBS of downstream,1.0,1.0,1.0,1.0,1.0,1.0,1.0,1.0
truD,-1,umpG,1003,AGG,AGR in RBS of downstream,0.9899,1.0101,0.9841,0.9928,1.0,1.0,1.0,1.0
hycB,-1,hycC,112,AGA,AGR in RBS of downstream,1.0,1.0,1.0,1.0,1.0,1.0,1.0,1.0
hycH,-1,hycI,397,AGA,AGR in RBS of downstream,0.9942,0.9981,1.0045,1.0645,0.6198,0.4134,1.5684,1.0636
yqaB,-1,yqaA,238,AGA,AGR in RBS of downstream,1.0,1.0,1.0,1.0,1.0,1.0,1.0,1.0
ratA,-1,ratB,472,AGG,AGR in RBS of downstream,1.0875,1.0875,1.0875,1.0875,1.0,1.0,1.0,1.0
rseB,-1,rseC,844,AGA,AGR in RBS of downstream,1.0,1.0,1.0,1.0,1.0,1.0,1.0,1.0
lepA,-1,lepB,1135,AGA,AGR in RBS of downstream,1.0,1.0,1.0,1.0,1.0,1.0,1.0,1.0
recO,-1,pdxJ,673,AGG,AGR in RBS of downstream,1.0,1.0,1.0,1.0,1.0,1.0,1.0,1.0
yfhM,-1,pbpC,4954,AGA,AGR in RBS of downstream,0.9493,0.9719,1.0135,0.9507,0.7985,0.5827,2.8154,0.7014
dapA,-1,bamC,847,AGA,AGR in RBS of downstream,1.0,1.0,1.0,1.0,1.0,1.0,1.0,1.0
ypfJ,-1,tmcA,43,AGG,AGR in RBS of downstream,1.0,1.0,1.0,1.0,1.0,1.0,1.0,1.0
eutP,-1,eutQ,85,AGA,AGR in RBS of downstream,1.0,1.0,1.0,1.0,1.0,1.0,1.0,1.0
eutT,-1,eutD,31,AGA,AGR in RBS of downstream,1.0,1.0,1.0,1.0,1.0,1.0,1.0,1.0
eutE,-1,eutJ,214,AGA,AGR in RBS of downstream,1.0,1.0,1.0,1.0,1.0,1.0,1.0,1.0
eutH,-1,eutA,64,AGG,AGR in RBS of downstream,1.0,1.0,1.0,1.0,1.0,1.0,1.0,1.0
cysU,-1,cysW,19,AGA,AGR in RBS of downstream,1.0,1.0,1.0,1.0,1.0,1.0,1.0,1.0
ligA,-1,ypeB,109,AGG,AGR in RBS of downstream,1.0,1.0,1.0,1.0,1.0,1.0,1.0,1.0
emrK,-1,emrY,664,AGA,AGR in RBS of downstream,1.0,1.0,1.0,1.0,1.0,1.0,1.0,1.0
yfcQ,-1,yfcP,4,AGA,AGR in RBS of downstream,1.0,1.0,1.0,1.0,1.0,1.0,1.0,1.0
yfcP,-1,yfcO,454,AGA,AGR in RBS of downstream,1.0,1.0,1.0,1.0,1.0,1.0,1.0,1.0
folC,-1,dedD,1252,AGA,AGR in RBS of downstream,1.0041,1.0071,1.0071,1.0192,0.7298,0.7298,0.7298,0.7298
hisQ,-1,hisM,673,AGG,AGR in RBS of downstream,1.0869,1.0726,1.0726,1.0726,1.7038,0.2055,0.5287,0.2816
hisM,-1,hisP,667,AGA,AGR in RBS of downstream,1.0,1.0,1.0,1.0,1.0,1.0,1.0,1.0
nuoA,-1,nuoB,130,AGG,AGR in RBS of downstream,1.0,1.0,1.0,1.0,1.0,1.0,1.0,1.0
nuoJ,-1,nuoK,532,AGA,AGR in RBS of downstream,0.9745,1.0364,0.9855,1.0036,1.0,1.0,1.0,1.0
nuoM,-1,nuoN,1522,AGG,AGR in RBS of downstream,0.9469,0.9469,1.0013,0.9625,1.9176,1.9176,0.8737,1.9176
menD,-1,menH,70,AGA,AGR in RBS of downstream,1.0,1.0,1.0,1.0,1.0,1.0,1.0,1.0
menC,-1,menE,64,AGG,AGR in RBS of downstream,1.0,1.0,1.0,1.0,1.0,1.0,1.0,1.0
rhmR,-1,rhmD,727,AGG,AGR in RBS of downstream,1.0,1.0,1.0,1.0,1.0,1.0,1.0,1.0
rhmT,-1,rhmA,241,AGA,AGR in RBS of downstream,1.0,1.0,1.0,1.0,1.0,1.0,1.0,1.0
yfaA,-1,yfaT,793,AGG,AGR in RBS of downstream,1.0,1.0,1.0,1.0,1.0,1.0,1.0,1.0
yfaQ,-1,yfaP,985,AGA,AGR in RBS of downstream,1.0,1.0,1.0,1.0,1.0,1.0,1.0,1.0
ada,-1,alkB,1060,AGG,AGR in RBS of downstream,1.0997,1.0997,1.0997,1.13,0.8737,0.7298,0.956,0.956
napF,-1,napD,268,AGG,AGR in RBS of downstream,1.0,1.0,1.0,1.0,1.0,1.0,1.0,1.0
napH,-1,napB,367,AGG,AGR in RBS of downstream,1.0,1.0,1.0,1.0,1.0,1.0,1.0,1.0
ccmA,-1,ccmB,613,AGG,AGR in RBS of downstream,1.0712,1.1295,1.083,1.0845,0.0259,0.0085,0.0614,0.0153
ccmC,-1,ccmD,724,AGA,AGR in RBS of downstream,1.0,0.9626,1.0863,0.954,0.6669,0.151,0.2586,0.1262
fruK,-1,fruA,7,AGA,AGR in RBS of downstream,1.0,1.0,1.0,1.0,1.0,1.0,1.0,1.0
psuK,-1,psuG,400,AGG,AGR in RBS of downstream,1.0,1.0,1.0,1.0,1.0,1.0,1.0,1.0
osmF,-1,yehY,763,AGG,AGR in RBS of downstream,1.0,1.0,1.0,1.0,1.0,1.0,1.0,1.0
yehY,-1,yehX,868,AGA,AGR in RBS of downstream,1.0,1.0,1.0,1.0,1.0,1.0,1.0,1.0
yehU,-1,yehT,1672,AGG,AGR in RBS of downstream,1.0564,1.046,1.0523,1.0964,0.0247,0.0004,0.0587,0.0004
yehC,-1,yehB,436,AGA,AGR in RBS of downstream,1.0,1.0,1.0,1.0,1.0,1.0,1.0,1.0
yehB,-1,yehA,2461,AGA,AGR in RBS of downstream,1.0,1.0,1.0,1.0,1.0,1.0,1.0,1.0
thiM,-1,thiD,712,AGA,AGR in RBS of downstream,1.0,1.0,1.0,1.0,1.0,1.0,1.0,1.0
yegL,-1,yegK,457,AGG,AGR in RBS of downstream,1.0,1.0,1.0,1.0,1.0,1.0,1.0,1.0
wcaD,-1,wcaE,1213,AGG,AGR in RBS of downstream,0.9677,1.1339,0.9597,1.0367,1.046,0.956,1.0,1.0
gmd,-1,wcaG,1018,AGA,AGR in RBS of downstream,1.0,1.0,1.0,1.0,1.0,1.0,1.0,1.0
wcaG,-1,wcaH,58,AGG,AGR in RBS of downstream,1.0,1.0,1.0,1.0,1.0,1.0,1.0,1.0
wcaH,-1,wcaI,328,AGA,AGR in RBS of downstream,1.0,1.0,1.0,1.0,1.0,1.0,1.0,1.0
wcaL,-1,wcaM,796,AGA,AGR in RBS of downstream,1.0,1.0,1.0,1.0,1.0,1.0,1.0,1.0
rfbA,-1,rfbC,808,AGA,AGR in RBS of downstream,1.0,1.0,1.0,1.0,1.0,1.0,1.0,1.0
rfbC,-1,wzxB,538,AGA,AGR in RBS of downstream,1.0347,1.1536,1.0757,1.0534,1.0,1.0,1.0,1.0
wzxB,-1,glf,1222,AGA,AGR in RBS of downstream,1.0,1.0,1.0,1.0,1.0,1.0,1.0,1.0
glf,-1,wbbH,991,AGA,AGR in RBS of downstream,1.0,1.0,1.0,1.0,1.0,1.0,1.0,1.0
wbbH,-1,wbbI,997,AGA,AGR in RBS of downstream,1.0,1.0,1.0,1.0,1.0,1.0,1.0,1.0
wbbI,-1,wbbJ,949,AGG,AGR in RBS of downstream,0.958,0.938,0.9489,0.9398,1.0,1.0,1.0,1.0
wbbJ,-1,wbbK,496,AGA,AGR in RBS of downstream,1.0,1.0,1.0,1.0,1.0,1.0,1.0,1.0
yefM,-1,yoeB,187,AGA,AGR in RBS of downstream,1.0,1.0,1.0,1.0,1.0,1.0,1.0,1.0
yedW,-1,yedV,580,AGG,AGR in RBS of downstream,1.0,1.0,1.0,1.0,1.0,1.0,1.0,1.0
yecS,-1,yecC,655,AGA,AGR in RBS of downstream,1.0,1.0091,1.0046,1.0,0.8737,0.7298,0.956,1.2524
araG,-1,araH,1078,AGA,AGR in RBS of downstream,1.0,1.0,1.0,1.0,1.0,1.0,1.0,1.0
otsB,-1,otsA,763,AGG,AGR in RBS of downstream,1.0196,0.9832,1.0504,1.0644,0.0661,0.0327,0.8353,0.0071
flhD,-1,flhC,343,AGG,AGR in RBS of downstream,1.0527,1.0574,1.039,1.0276,0.4075,0.0673,0.4065,0.0587
motB,-1,cheA,922,AGG,AGR in RBS of downstream,1.0769,1.1186,1.0946,1.0618,0.0237,0.0029,0.0342,0.0073
cheA,-1,cheW,229,AGA,AGR in RBS of downstream,1.0,1.0,1.0,1.0,1.0,1.0,1.0,1.0
tap,-1,cheR,343,AGG,AGR in RBS of downstream,1.0,1.0,1.0,1.0,1.0,1.0,1.0,1.0
cheR,-1,cheB,490,AGA,AGR in RBS of downstream,1.0,1.0,1.0,1.0,1.0,1.0,1.0,1.0
cheB,-1,cheY,604,AGA,AGR in RBS of downstream,1.0,1.0,1.0,1.0,1.0,1.0,1.0,1.0
flhB,-1,flhA,256,AGA,AGR in RBS of downstream,1.0,1.0,1.0,1.0,1.0,1.0,1.0,1.0
yecM,-1,cutC,223,AGA,AGR in RBS of downstream,1.0,1.0,1.0,1.0,1.0,1.0,1.0,1.0
ruvA,-1,ruvB,16,AGA,AGR in RBS of downstream,1.0,1.0,1.0,1.0,1.0,1.0,1.0,1.0
znuA,-1,mepM,778,AGG,AGR in RBS of downstream,1.0,1.0,1.0,1.0,1.0,1.0,1.0,1.0
yebZ,-1,yebY,757,AGG,AGR in RBS of downstream,1.0,1.0,1.0,1.0,1.0,1.0,1.0,1.0
ydjK,-1,ydjJ,427,AGA,AGR in RBS of downstream,1.0,1.0,1.0,1.0,1.0,1.0,1.0,1.0
ydjI,-1,ydjH,16,AGA,AGR in RBS of downstream,1.0,1.0,1.0,1.0,1.0,1.0,1.0,1.0
ydjH,-1,ydjG,907,AGA,AGR in RBS of downstream,1.0,1.0,1.0,1.0,1.0,1.0,1.0,1.0
astA,-1,astD,124,AGG,AGR in RBS of downstream,1.0,1.0,1.0,1.0,1.0,1.0,1.0,1.0
astD,-1,astB,253,AGA,AGR in RBS of downstream,1.0,1.0,1.0,1.0,1.0,1.0,1.0,1.0
astB,-1,astE,667,AGG,AGR in RBS of downstream,1.0,1.0,1.0,1.0,1.0,1.0,1.0,1.0
thrS,-1,infC,1720,AGA,AGR in RBS of downstream,1.0,1.0,1.0,1.0,1.0,1.0,1.0,1.0
pheT,-1,ihfA,2380,AGG,AGR in RBS of downstream,0.9737,1.0412,0.9827,1.0238,0.8458,0.2592,0.6669,0.2265
btuE,-1,btuD,460,AGG,AGR in RBS of downstream,1.0,1.0,1.0,1.0,1.0,1.0,1.0,1.0
sufD,-1,sufS,1267,AGA,AGR in RBS of downstream,1.0621,1.0788,1.1112,1.1241,1.0,99999999.0,0.6043,0.5958
sufS,-1,sufE,991,AGG,AGR in RBS of downstream,1.0,1.0,1.0,1.0,1.0,1.0,1.0,1.0
ydhV,-1,ydhW,31,AGA,AGR in RBS of downstream,1.0,1.0,1.0,1.0,1.0,1.0,1.0,1.0
ydhX,-1,ydhU,88,AGG,AGR in RBS of downstream,1.0,1.0,1.0,1.0,1.0,1.0,1.0,1.0
ydhU,-1,ydhT,646,AGA,AGR in RBS of downstream,1.0,1.0,1.0,1.0,1.0,1.0,1.0,1.0
pntA,-1,pntB,19,AGA,AGR in RBS of downstream,1.0,1.0,1.0,1.0,1.0,1.0,1.0,1.0
ydeS,-1,ydeR,496,AGG,AGR in RBS of downstream,1.0,1.0,1.0,1.0,1.0,1.0,1.0,1.0
ddpA,-1,ddpB,1198,AGA,AGR in RBS of downstream,1.0,1.0,1.0,1.0,1.0,1.0,1.0,1.0
ddpB,-1,ddpC,505,AGG,AGR in RBS of downstream,1.0,1.0,1.0,1.0,1.0,1.0,1.0,1.0
ddpD,-1,ddpF,391,AGA,AGR in RBS of downstream,1.0,1.0,1.0,1.0,1.0,1.0,1.0,1.0
abgA,-1,abgB,823,AGA,AGR in RBS of downstream,1.0,1.0,1.0,1.0,1.0,1.0,1.0,1.0
abgT,-1,ogt,481,AGG,AGR in RBS of downstream,1.0,1.0,1.0,1.0,1.0,1.0,1.0,1.0
trpE,-1,trpD,1024,AGA,AGR in RBS of downstream,1.0,1.0,1.0,1.0,1.0,1.0,1.0,1.0
trpD,-1,trpC,1567,AGA,AGR in RBS of downstream,1.0,1.0611,0.9969,1.0549,1.0,1.0,1.0,1.0
trpB,-1,trpA,655,AGA,AGR in RBS of downstream,1.0,1.0,1.0,1.0,1.0,1.0,1.0,1.0
dhaL,-1,dhaM,13,AGA,AGR in RBS of downstream,1.0,1.0,1.0,1.0,1.0,1.0,1.0,1.0
minD,-1,minE,568,AGA,AGR in RBS of downstream,1.0,1.0,1.0,1.0,1.0,1.0,1.0,1.0
rluE,-1,nudJ,91,AGG,AGR in RBS of downstream,1.0,1.0,1.0,1.0,1.0,1.0,1.0,1.0
potA,-1,potB,649,AGG,AGR in RBS of downstream,1.0,1.0,1.0,1.0,1.0,1.0,1.0,1.0
ymfA,-1,ycfZ,439,AGG,AGR in RBS of downstream,0.9508,0.9481,1.0355,0.9781,1.0,1.0,1.0,1.0
solA,-1,yceO,1099,AGG,AGR in RBS of downstream,1.0,1.0,1.0,1.0,1.0,1.0,1.0,1.0
yceJ,-1,yceI,271,AGA,AGR in RBS of downstream,1.0,1.0,1.0,1.0,1.0,1.0,1.0,1.0
csgD,-1,csgE,643,AGG,AGR in RBS of downstream,0.9068,0.8924,1.0567,0.9042,3.3445,3.3445,0.7634,3.3445
pgaA,-1,pgaB,2416,AGA,AGR in RBS of downstream,0.9876,0.9876,0.9947,1.0212,1.0,1.0,1.0,1.0
pgaB,-1,pgaC,1327,AGA,AGR in RBS of downstream,1.0,1.0,1.0,1.0,1.0,1.0,1.0,1.0
pgaC,-1,pgaD,1318,AGA,AGR in RBS of downstream,1.0,0.9467,0.9467,0.9467,1.31,0.207,0.8737,0.1979
rutA,-1,rutB,49,AGG,AGR in RBS of downstream,1.0,1.0,1.0,1.0,1.0,1.0,1.0,1.0
gfcC,-1,gfcD,622,AGA,AGR in RBS of downstream,1.0,1.0,1.0,1.0,1.0,1.0,1.0,1.0
ssuE,-1,ssuA,448,AGA,AGR in RBS of downstream,1.0,1.0,1.0,1.0,1.0,1.0,1.0,1.0
ssuD,-1,ssuC,433,AGA,AGR in RBS of downstream,1.0,1.0,1.0,1.0,1.0,1.0,1.0,1.0
ltaE,-1,ybjT,889,AGA,AGR in RBS of downstream,1.0,1.0,1.0,1.0,1.0,1.0,1.0,1.0
artQ,-1,artM,706,AGG,AGR in RBS of downstream,1.009,1.044,1.03,1.016,0.0536,0.0358,0.1892,0.0428
ybiY,-1,ybiW,598,AGA,AGR in RBS of downstream,1.0,1.0,1.0,1.0,1.0,1.0,1.0,1.0
glnP,-1,glnQ,643,AGG,AGR in RBS of downstream,0.9373,0.9278,0.995,0.8964,2.024,0.8607,0.7634,2.024
ybiH,-1,ybhG,661,AGG,AGR in RBS of downstream,1.0382,1.0123,1.0707,1.0032,0.0274,0.0166,0.4065,0.0191
ybhP,-1,clsB,655,AGG,AGR in RBS of downstream,1.0,1.0,1.0,1.0,1.0,1.0,1.0,1.0
clsB,-1,ybhN,790,AGA,AGR in RBS of downstream,1.0,1.0,1.0,1.0,1.0,1.0,1.0,1.0
galE,-1,galT,4,AGA,AGR in RBS of downstream,1.0,1.0,1.0,1.0,1.0,1.0,1.0,1.0
ybgQ,-1,ybgP,1576,AGA,AGR in RBS of downstream,1.0,1.0,1.0,1.0,1.0,1.0,1.0,1.0
ybgP,-1,ybgO,538,AGA,AGR in RBS of downstream,1.0,1.0,1.0,1.0,1.0,1.0,1.0,1.0
uof,-1,fur,19,AGA,AGR in RBS of downstream,1.0,1.0,1.0,1.0,1.0,1.0,1.0,1.0
gltK,-1,gltL,664,AGG,AGR in RBS of downstream,0.9863,0.9953,1.0114,0.9863,0.0854,0.0854,0.3886,0.0854
mrdA,-1,mrdB,1144,AGA,AGR in RBS of downstream,1.0,1.0,1.0,1.0,1.0,1.0,1.0,1.0
mrdB,-1,rlpA,1087,AGG,AGR in RBS of downstream,1.0,1.0,1.0,1.0,1.0,1.0,1.0,1.0
citX,-1,citG,73,AGG,AGR in RBS of downstream,1.0,1.0,1.0,1.0,1.0,1.0,1.0,1.0
nfrA,-1,ybcH,508,AGA,AGR in RBS of downstream,1.0,1.0,1.0,1.0,1.0,1.0,1.0,1.0
allD,-1,allC,115,AGA,AGR in RBS of downstream,1.0,1.0,1.0,1.0,1.0,1.0,1.0,1.0
allC,-1,allE,1030,AGA,AGR in RBS of downstream,1.0,1.0,1.0,1.0,1.0,1.0,1.0,1.0
priC,-1,ybaM,505,AGG,AGR in RBS of downstream,1.0,1.0,1.0,1.0,1.0,1.0,1.0,1.0
cyoA,-1,cyoB,10,AGG,AGR in RBS of downstream,1.0,1.0,1.0,1.0,1.0,1.0,1.0,1.0
panE,-1,yajL,859,AGA,AGR in RBS of downstream,1.0,1.0708,1.0242,1.0,1.0,1.0,1.046,1.2524
betI,-1,betB,151,AGG,AGR in RBS of downstream,1.0,1.0,1.0,1.0,1.0,1.0,1.0,1.0
rclB,-1,rclC,154,AGA,AGR in RBS of downstream,1.0,1.0,1.0,1.0,1.0,1.0,1.0,1.0
ykgM,-1,ykgO,184,AGA,AGR in RBS of downstream,1.0,1.0,1.0,1.0,1.0,1.0,1.0,1.0
ecpC,-1,ecpD,2113,AGA,AGR in RBS of downstream,1.0,1.0,1.0,1.0,1.0,1.0,1.0,1.0
ecpD,-1,ecpE,64,AGA,AGR in RBS of downstream,1.0,1.0,1.0,1.0,1.0,1.0,1.0,1.0
paoA,-1,paoB,343,AGG,AGR in RBS of downstream,1.0,1.0,1.0,1.0,1.0,1.0,1.0,1.0
paoB,-1,paoC,943,AGG,AGR in RBS of downstream,1.0239,0.9573,1.0894,1.0378,0.0002,0.0006,0.2441,0.0002
paoC,-1,paoD,1693,AGA,AGR in RBS of downstream,1.0,1.0,1.0,1.0,1.0,1.0,1.0,1.0
rcsF,-1,tsaA,61,AGA,AGR in RBS of downstream,1.0,1.0,1.0,1.0,1.0,1.0,1.0,1.0
yaeP,-1,rof,142,AGG,AGR in RBS of downstream,1.0,1.0,1.0,1.0,1.0,1.0,1.0,1.0
pcnB,-1,folK,160,AGG,AGR in RBS of downstream,1.0,1.0,1.0,1.0,1.0,1.0,1.0,1.0
htrE,-1,yadM,358,AGG,AGR in RBS of downstream,1.0,1.0,1.0,1.0,1.0,1.0,1.0,1.0
yadM,-1,yadL,175,AGA,AGR in RBS of downstream,1.0,1.0,1.0,1.0,1.0,1.0,1.0,1.0
hofB,-1,hofC,547,AGG,AGR in RBS of downstream,1.0,1.0,1.0,1.0,1.0,1.0,1.0,1.0
coaE,-1,zapD,4,AGG,AGR in RBS of downstream,1.0,1.0,1.0,1.0,1.0,1.0,1.0,1.0
thiP,-1,thiQ,250,AGG,AGR in RBS of downstream,1.0,1.0,1.0,1.0,1.0,1.0,1.0,1.0
surA,-1,pdxA,169,AGG,AGR in RBS of downstream,1.0,1.0,1.0,1.0,1.0,1.0,1.0,1.0
caiD,-1,caiE,487,AGA,AGR in RBS of downstream,1.0,1.0,1.0,1.0,1.0,1.0,1.0,1.0
hokC,-1,mokC,76,AGA,AGR in RBS of downstream,1.0,1.0,1.0,1.0,1.0,1.0,1.0,1.0
