gene,strand,AGR_pos,type,mRNA_CGA,mRNA_CGC,mRNA_CGG,mRNA_CGT,RBS_CGA,RBS_CGC,RBS_CGG,RBS_CGT,best_ss,best_RBS,test_rules.ss_0.65_over_1.5411_rbs_0.35_over_8.4257.2015_06_10_1545
mokC,-1,16,AGR in first 30,1.04,1.04,1.07,1.03,1.18,1.54,1.54,1.59,CGT,CGA,CGA
caiT,-1,16,AGR in first 30,1.02,1.02,1.11,1.02,1.15,1.55,1.92,2.68,CGA,CGA,CGA
yaaU,1,13,AGR in first 30,1.14,1.2,1.17,1.31,1.09,1.04,2.07,1.45,CGA,CGC,CGA
ftsL,1,10,AGR in first 30,1.03,1.01,1.05,1.0,1.0,1.0,4.45,1.0,CGT,CGA,CGC
ftsA,1,19,AGR in first 30,1.09,1.06,1.09,1.1,1.99,1.86,1.62,1.9,CGC,CGG,CGC
lpxC,1,13,AGR in first 30,1.02,1.02,1.02,1.01,3.47,4.06,1.77,3.97,CGT,CGG,CGG
coaE,-1,4,AGR in first 30,1.02,1.01,1.02,1.02,4.29,4.96,2.71,5.27,CGC,CGG,CGG
yacC,-1,16,AGR in first 30,1.04,1.02,1.01,1.07,1.05,1.27,2.94,1.41,CGG,CGA,CGC
yadC,-1,16,AGR in first 30,1.03,1.11,1.0,1.07,2.32,2.83,1.23,2.74,CGG,CGG,CGG
btuF,-1,19,AGR in first 30,1.21,1.14,1.1,1.14,1.89,1.81,1.4,1.86,CGG,CGG,CGG
frr,1,16,AGR in first 30,1.04,1.04,1.12,1.04,2.76,1.11,3.6,2.35,CGA,CGC,CGC
tilS,1,19,AGR in first 30,1.02,1.01,1.09,1.07,1.04,1.5,1.54,1.41,CGC,CGA,CGA
yafE,1,22,AGR in first 30,1.1,1.07,1.07,1.12,1.36,1.72,1.41,1.18,CGC,CGT,CGG
yafS,1,13,AGR in first 30,1.02,1.01,1.06,1.01,1.05,2.62,1.05,2.75,CGC,CGA,CGA
ivy,1,7,AGR in first 30,1.1,1.07,1.07,1.07,3.33,4.09,1.04,3.01,CGC,CGG,CGG
yafQ,-1,10,AGR in first 30,1.02,1.06,1.0,1.06,5.65,2.52,1.14,1.85,CGG,CGG,CGG
yafP,1,19,AGR in first 30,1.01,1.27,1.02,1.15,1.89,3.07,1.95,2.4,CGA,CGA,CGA
ykfH,-1,22,AGR in first 30,1.06,1.09,1.08,1.09,5.37,1.8,1.9,2.38,CGA,CGC,CGC
ecpE,-1,7,AGR in first 30,1.01,1.23,1.05,1.14,2.66,4.27,3.25,2.93,CGA,CGA,CGA
ecpD,-1,4,AGR in first 30,1.04,1.08,1.04,1.05,1.32,2.23,2.75,3.57,CGA,CGA,CGA
ecpR,-1,25,AGR in first 30,1.06,1.12,1.06,1.1,2.63,3.06,1.82,2.67,CGA,CGG,CGG
ykgL,1,19,AGR in first 30,1.04,1.0,1.01,1.04,2.94,3.57,1.95,4.46,CGC,CGG,CGG
betT,1,22,AGR in first 30,1.17,1.08,1.06,1.13,3.19,7.27,2.4,7.36,CGG,CGG,CGG
lacA,-1,22,AGR in first 30,1.0,1.13,1.17,1.05,1.17,2.97,1.99,1.78,CGA,CGA,CGA
lacA,-1,28,AGR in first 30,1.02,1.03,1.12,1.08,1.41,1.95,1.62,3.39,CGA,CGA,CGA
phoB,1,7,AGR in first 30,1.03,1.01,1.02,1.02,1.12,2.86,1.65,2.05,CGC,CGA,CGA
phoR,1,25,AGR in first 30,1.09,1.01,1.07,1.01,1.27,1.59,2.85,1.99,CGC,CGA,CGC
brnQ,1,16,AGR in first 30,1.01,1.09,1.06,1.03,2.17,4.38,1.09,2.81,CGA,CGG,CGG
cyoA,-1,4,AGR in first 30,1.09,1.16,1.08,1.06,1.69,1.69,1.41,1.69,CGT,CGG,CGT
cyoA,-1,10,AGR in first 30,1.01,1.03,1.04,1.04,3.06,3.66,1.23,3.57,CGA,CGG,CGG
ylaB,-1,4,AGR in first 30,1.0,1.04,1.02,1.0,3.39,3.39,2.04,3.75,CGA,CGG,CGG
tomB,-1,22,AGR in first 30,1.06,1.18,1.07,1.11,1.86,3.73,1.37,3.01,CGA,CGG,CGG
acrA,-1,13,AGR in first 30,1.01,1.01,1.1,1.09,1.77,4.2,1.67,3.21,CGA,CGG,CGA
ybaQ,1,16,AGR in first 30,1.0,1.07,1.08,1.1,1.62,2.55,1.5,2.76,CGA,CGG,CGA
mnmH,-1,10,AGR in first 30,1.09,1.09,1.19,1.09,2.38,3.1,1.8,2.38,CGA,CGG,CGT
allR,1,13,AGR in first 30,1.01,1.01,1.04,1.04,1.32,4.92,1.9,2.22,CGA,CGA,CGA
allR,1,25,AGR in first 30,1.01,1.08,1.04,1.07,1.27,1.18,1.0,2.26,CGA,CGG,CGG
gcl,1,13,AGR in first 30,1.09,1.09,1.16,1.14,2.04,2.43,1.05,2.03,CGA,CGG,CGG
ybbW,1,13,AGR in first 30,1.03,1.0,1.0,1.02,1.87,2.47,1.52,2.38,CGC,CGG,CGG
sfmA,1,10,AGR in first 30,1.0,1.01,1.01,1.02,3.87,2.94,2.49,3.3,CGA,CGG,CGG
sfmF,1,4,AGR in first 30,1.17,1.17,1.21,1.25,2.18,2.18,1.86,2.76,CGA,CGG,CGG
sfmF,1,7,AGR in first 30,1.06,1.3,1.06,1.22,1.14,1.75,1.78,1.75,CGA,CGA,CGA
fepB,-1,4,AGR in first 30,1.06,1.06,1.08,1.05,2.93,2.9,3.21,3.03,CGT,CGC,CGT
rnk,-1,7,AGR in first 30,1.0,1.0,1.09,1.05,1.08,1.54,1.86,1.45,CGA,CGA,CGA
nagB,-1,4,AGR in first 30,1.01,1.01,1.04,1.02,2.07,2.22,1.95,2.22,CGA,CGG,CGA
uof,-1,19,AGR in first 30,1.0,1.12,1.04,1.09,1.05,2.28,1.14,2.31,CGA,CGA,CGA
ybfP,1,13,AGR in first 30,1.0,1.0,1.0,1.0,3.04,3.67,1.77,3.72,*,CGG,CGG
ybfK,1,22,AGR in first 30,1.03,1.03,1.03,1.03,2.43,4.44,1.23,2.44,*,CGG,CGG
ybfA,1,13,AGR in first 30,1.02,1.07,1.04,1.0,1.23,1.24,1.82,1.37,CGT,CGA,CGA
ybfB,1,25,AGR in first 30,1.07,1.04,1.17,1.05,4.03,1.59,2.53,2.44,CGC,CGC,CGC
ybfC,1,7,AGR in first 30,1.0,1.0,1.01,1.03,1.09,1.18,1.63,1.09,CGA,CGA,CGA
sdhC,1,7,AGR in first 30,1.01,1.12,1.14,1.06,1.0,1.0,1.12,1.0,CGA,CGA,CGA
sdhC,1,25,AGR in first 30,1.0,1.17,1.01,1.06,1.76,1.91,1.18,1.91,CGA,CGG,CGG
sdhA,1,16,AGR in first 30,1.04,1.06,1.02,1.07,1.45,1.36,1.63,1.09,CGG,CGT,CGC
sdhB,1,4,AGR in first 30,1.01,1.01,1.01,1.01,1.37,3.13,2.31,3.13,*,CGA,CGA
tolR,1,7,AGR in first 30,1.0,1.0,1.0,1.01,1.54,2.67,1.36,1.95,CGA,CGG,CGG
ybgF,1,16,AGR in first 30,1.07,1.07,1.04,1.07,1.08,1.54,1.86,1.45,CGG,CGA,CGA
galE,-1,4,AGR in first 30,1.0,1.05,1.0,1.02,1.14,1.56,1.67,1.69,CGA,CGA,CGA
ybhL,1,7,AGR in first 30,1.0,1.01,1.01,1.06,1.0,1.0,1.77,1.0,CGA,CGA,CGA
ybiA,-1,19,AGR in first 30,1.05,1.15,1.12,1.17,3.65,4.83,1.9,4.42,CGA,CGG,CGG
fiu,-1,28,AGR in first 30,1.0,1.01,1.07,1.04,1.08,1.54,1.77,1.45,CGA,CGA,CGA
mntS,-1,16,AGR in first 30,1.03,1.15,1.01,1.09,1.28,2.88,3.25,1.66,CGG,CGA,CGA
gsiB,1,7,AGR in first 30,1.07,1.02,1.06,1.02,1.05,2.05,1.22,2.18,CGC,CGA,CGA
yliF,1,7,AGR in first 30,1.04,1.01,1.03,1.06,1.05,1.55,2.79,1.73,CGC,CGA,CGA
bssR,1,13,AGR in first 30,1.0,1.01,1.02,1.04,1.0,1.18,2.54,1.45,CGA,CGA,CGA
mdfA,1,28,AGR in first 30,1.12,1.22,1.16,1.2,1.15,1.15,1.2,1.2,CGA,CGA,CGA
amiD,1,4,AGR in first 30,1.01,1.01,1.05,1.01,1.68,1.36,3.61,3.07,CGA,CGC,CGA
amiD,1,7,AGR in first 30,1.03,1.06,1.03,1.01,2.17,1.9,3.84,3.03,CGT,CGC,CGA
aqpZ,-1,7,AGR in first 30,1.04,1.12,1.13,1.0,1.05,2.36,2.88,1.46,CGT,CGA,CGA
ihfB,1,25,AGR in first 30,1.0,1.16,1.13,1.05,1.0,1.0,1.95,1.0,CGA,CGA,CGA
elfC,1,7,AGR in first 30,1.02,1.06,1.01,1.02,1.95,1.55,2.39,1.77,CGG,CGC,CGA
ycbF,1,19,AGR in first 30,1.09,1.11,1.08,1.11,1.27,2.04,1.27,1.54,CGG,CGA,CGA
rmf,1,7,AGR in first 30,1.0,1.01,1.02,1.05,1.33,1.91,1.16,2.5,CGA,CGG,CGG
yccM,-1,16,AGR in first 30,1.0,1.0,1.0,1.01,1.62,4.0,1.63,2.44,CGA,CGA,CGA
torS,-1,22,AGR in first 30,1.01,1.09,1.21,1.08,1.05,1.13,1.95,1.62,CGA,CGA,CGA
pgaA,-1,16,AGR in first 30,1.08,1.08,1.08,1.08,2.76,2.83,1.18,2.48,*,CGG,CGT
pgaA,-1,22,AGR in first 30,1.06,1.02,1.09,1.07,3.02,3.52,2.62,3.43,CGC,CGG,CGA
ycdT,1,19,AGR in first 30,1.04,1.07,1.04,1.02,2.18,2.18,1.5,2.18,CGT,CGG,CGG
ymdA,1,7,AGR in first 30,1.11,1.09,1.12,1.05,1.08,1.54,1.86,1.45,CGT,CGA,CGT
yceO,-1,4,AGR in first 30,1.49,1.46,1.15,1.4,2.82,2.96,1.88,2.96,CGG,CGG,CGG
mdtH,-1,22,AGR in first 30,1.05,1.01,1.07,1.06,7.64,7.64,1.71,7.64,CGC,CGG,CGG
rne,-1,7,AGR in first 30,1.01,1.03,1.03,1.0,1.0,1.0,1.45,1.0,CGT,CGA,CGT
holB,1,4,AGR in first 30,1.06,1.04,1.01,1.03,2.35,2.26,1.05,2.17,CGG,CGG,CGG
fhuE,-1,22,AGR in first 30,1.01,1.02,1.0,1.07,2.25,3.43,1.9,3.57,CGG,CGG,CGG
ycfL,1,4,AGR in first 30,1.04,1.06,1.04,1.04,5.9,6.67,1.59,6.98,CGA,CGG,CGG
cobB,1,13,AGR in first 30,1.09,1.09,1.09,1.12,1.77,2.55,1.28,4.2,CGA,CGG,CGG
ymgC,1,22,AGR in first 30,1.0,1.09,1.02,1.08,1.48,1.3,2.28,1.57,CGA,CGC,CGA
ymgJ,1,7,AGR in first 30,1.0,1.05,1.03,1.01,1.81,1.21,3.72,1.21,CGA,CGC,CGA
ymgJ,1,10,AGR in first 30,1.0,1.02,1.04,1.01,1.53,2.67,1.66,1.86,CGA,CGA,CGA
pliG,-1,19,AGR in first 30,1.04,1.04,1.04,1.04,4.47,4.47,3.03,4.02,*,CGG,CGG
emtA,1,10,AGR in first 30,1.01,1.08,1.03,1.01,5.32,5.73,1.36,5.91,CGA,CGG,CGG
dhaL,-1,13,AGR in first 30,1.11,1.09,1.18,1.1,1.77,1.77,1.59,1.77,CGC,CGG,CGC
ychA,1,4,AGR in first 30,1.13,1.04,1.09,1.07,2.75,2.94,1.23,2.94,CGC,CGG,CGG
narK,1,25,AGR in first 30,1.09,1.06,1.03,1.12,4.3,1.05,1.0,1.05,CGG,CGG,CGG
tpr,-1,4,AGR in first 30,1.1,1.14,1.12,1.08,1.29,1.3,3.88,1.16,CGT,CGT,CGT
rssA,1,4,AGR in first 30,1.07,1.17,1.07,1.09,2.27,2.27,1.54,1.86,CGA,CGG,CGT
oppA,1,19,AGR in first 30,1.0,1.1,1.1,1.03,1.1,1.78,2.77,1.6,CGA,CGA,CGA
oppF,1,22,AGR in first 30,1.07,1.07,1.08,1.07,2.62,2.8,1.41,2.26,CGA,CGG,CGG
yciY,1,13,AGR in first 30,1.01,1.04,1.01,1.0,1.27,2.71,1.05,1.68,CGT,CGG,CGA
ymiA,1,28,AGR in first 30,1.0,1.01,1.01,1.01,5.41,6.36,4.38,7.39,CGA,CGG,CGG
pgpB,1,16,AGR in first 30,1.0,1.06,1.03,1.02,1.05,1.77,1.1,2.26,CGA,CGA,CGG
gmr,-1,13,AGR in first 30,1.01,1.03,1.02,1.08,3.52,3.7,2.04,4.42,CGA,CGG,CGG
ycjO,1,7,AGR in first 30,1.03,1.04,1.0,1.03,2.16,2.62,1.23,3.57,CGG,CGG,CGG
ycjT,1,7,AGR in first 30,1.05,1.06,1.06,1.05,1.95,1.95,1.27,2.09,CGA,CGG,CGG
ycjW,-1,28,AGR in first 30,1.02,1.09,1.02,1.04,1.44,3.08,1.43,3.58,CGA,CGG,CGG
ycjG,1,4,AGR in first 30,1.01,1.06,1.01,1.02,2.75,2.75,1.77,2.66,CGA,CGG,CGG
ogt,-1,7,AGR in first 30,1.05,1.03,1.04,1.11,2.12,2.43,1.05,2.03,CGC,CGG,CGG
uspF,-1,7,AGR in first 30,1.0,1.18,1.15,1.08,1.05,1.71,2.07,1.44,CGA,CGA,CGA
ydbD,1,13,AGR in first 30,1.01,1.05,1.02,1.0,2.47,3.64,1.77,2.83,CGT,CGG,CGG
cybB,1,19,AGR in first 30,1.02,1.06,1.06,1.02,2.97,3.39,1.9,3.3,CGA,CGG,CGG
opgD,1,10,AGR in first 30,1.0,1.09,1.0,1.0,1.0,1.41,1.86,1.18,CGA,CGA,CGA
hicA,1,19,AGR in first 30,1.0,1.07,1.01,1.04,1.0,1.0,1.0,1.18,CGA,CGA,CGA
yncL,-1,16,AGR in first 30,1.07,1.04,1.07,1.07,1.01,1.0,2.63,2.99,CGC,CGC,CGA
ydcD,1,16,AGR in first 30,1.03,1.17,1.02,1.07,2.89,2.8,2.94,2.85,CGG,CGC,CGG
fdnG,1,16,AGR in first 30,1.02,1.01,1.01,1.02,1.08,1.18,1.99,1.09,CGC,CGA,CGC
ddpA,-1,7,AGR in first 30,1.19,1.14,1.15,1.06,2.05,1.91,1.03,2.27,CGT,CGG,CGG
dosC,-1,19,AGR in first 30,1.0,1.05,1.0,1.0,4.34,4.34,1.68,4.34,CGA,CGG,CGG
gadB,-1,28,AGR in first 30,1.05,1.04,1.08,1.04,2.63,2.49,2.13,2.49,CGC,CGG,CGC
pqqL,-1,16,AGR in first 30,1.09,1.01,1.07,1.03,1.22,1.81,2.08,2.89,CGC,CGA,CGC
ydeR,-1,7,AGR in first 30,1.03,1.04,1.13,1.06,1.76,2.73,1.18,2.73,CGA,CGG,CGG
ydeR,-1,19,AGR in first 30,1.14,1.02,1.08,1.09,2.45,3.08,2.59,3.08,CGC,CGA,CGG
marA,1,7,AGR in first 30,1.0,1.0,1.0,1.02,1.41,1.05,2.31,1.72,CGA,CGC,CGC
ydeJ,1,13,AGR in first 30,1.03,1.07,1.07,1.01,1.81,2.8,1.63,2.88,CGT,CGG,CGA
pntA,-1,19,AGR in first 30,1.0,1.09,1.0,1.03,1.26,1.73,1.22,2.19,CGA,CGG,CGG
uidC,-1,4,AGR in first 30,1.0,1.03,1.0,1.0,2.44,3.07,1.14,2.57,CGA,CGG,CGG
hdhA,-1,22,AGR in first 30,1.0,1.08,1.02,1.01,5.25,5.25,1.68,5.47,CGA,CGG,CGG
rsxC,1,25,AGR in first 30,1.05,1.05,1.02,1.04,1.05,2.0,2.88,1.46,CGG,CGA,CGA
rsxD,1,10,AGR in first 30,1.0,1.01,1.03,1.06,1.05,2.05,2.75,1.2,CGA,CGA,CGA
ydhC,1,16,AGR in first 30,1.0,1.02,1.09,1.01,1.29,1.05,1.83,1.05,CGA,CGC,CGT
ydiK,1,22,AGR in first 30,1.11,1.02,1.06,1.05,4.45,2.61,4.6,1.75,CGC,CGT,CGT
aroH,1,7,AGR in first 30,1.02,1.13,1.03,1.05,1.05,1.24,2.39,1.69,CGA,CGA,CGA
ydiE,1,19,AGR in first 30,1.1,1.1,1.16,1.26,1.05,1.95,2.25,1.73,CGA,CGA,CGA
ydjE,-1,28,AGR in first 30,1.0,1.01,1.05,1.0,1.09,2.44,1.14,1.23,CGA,CGA,CGA
ydjF,-1,16,AGR in first 30,1.0,1.14,1.05,1.06,3.47,3.93,1.72,3.8,CGA,CGG,CGG
ydjI,-1,16,AGR in first 30,1.14,1.14,1.22,1.14,1.9,1.99,1.45,1.9,CGA,CGG,CGA
yeaJ,1,16,AGR in first 30,1.08,1.11,1.01,1.1,4.27,1.35,3.28,1.5,CGG,CGC,CGT
yeaM,-1,10,AGR in first 30,1.13,1.06,1.0,1.05,3.92,4.46,1.23,4.46,CGG,CGG,CGG
prc,-1,16,AGR in first 30,1.0,1.0,1.01,1.0,1.31,2.67,1.14,1.81,CGA,CGG,CGG
pphA,-1,28,AGR in first 30,1.04,1.1,1.14,1.04,3.0,2.82,1.32,3.0,CGA,CGG,CGG
yebF,-1,10,AGR in first 30,1.09,1.14,1.06,1.1,2.67,3.84,1.41,3.48,CGG,CGG,CGG
pykA,1,7,AGR in first 30,1.05,1.06,1.05,1.0,1.23,1.41,3.84,1.23,CGT,CGA,CGA
pykA,1,10,AGR in first 30,1.09,1.01,1.0,1.11,3.06,3.76,1.95,3.25,CGG,CGG,CGG
pykA,1,19,AGR in first 30,1.02,1.02,1.12,1.02,1.23,1.55,2.75,1.46,CGA,CGA,CGA
ruvA,-1,10,AGR in first 30,1.03,1.07,1.03,1.03,5.64,4.65,5.64,5.64,CGA,CGC,CGG
ruvA,-1,16,AGR in first 30,1.01,1.07,1.01,1.01,1.05,2.68,1.1,2.82,CGA,CGA,CGA
torZ,-1,13,AGR in first 30,1.0,1.0,1.0,1.08,1.68,4.28,1.28,4.28,CGA,CGG,CGG
flhE,-1,4,AGR in first 30,1.04,1.02,1.03,1.04,1.23,1.36,2.94,1.27,CGC,CGA,CGC
cheB,-1,13,AGR in first 30,1.0,1.02,1.04,1.03,5.0,5.77,2.4,5.77,CGA,CGG,CGG
yecR,1,4,AGR in first 30,1.13,1.04,1.02,1.07,1.68,1.23,2.13,2.8,CGG,CGC,CGC
tyrP,1,10,AGR in first 30,1.01,1.01,1.05,1.01,2.4,2.26,3.99,2.31,CGA,CGC,CGC
fliZ,-1,22,AGR in first 30,1.04,1.02,1.19,1.01,1.18,1.18,2.31,1.63,CGT,CGA,CGC
yedV,-1,7,AGR in first 30,1.04,1.04,1.11,1.03,1.76,2.22,1.18,2.13,CGT,CGG,CGA
yeeJ,1,16,AGR in first 30,1.06,1.06,1.21,1.25,4.03,4.03,3.88,4.03,CGA,CGG,CGA
yeeO,-1,25,AGR in first 30,1.04,1.01,1.04,1.04,1.5,5.6,2.17,2.7,CGC,CGA,CGA
nac,-1,10,AGR in first 30,1.02,1.02,1.08,1.03,2.63,2.17,3.39,2.26,CGA,CGC,CGC
wzzB,-1,4,AGR in first 30,1.05,1.06,1.05,1.05,1.05,1.83,1.46,1.96,CGA,CGA,CGA
wzxB,-1,25,AGR in first 30,1.07,1.15,1.14,1.18,2.04,1.82,2.58,2.45,CGA,CGC,CGA
wzxB,-1,28,AGR in first 30,1.16,1.13,1.21,1.13,1.51,1.51,2.13,1.51,CGC,CGA,CGA
rfbC,-1,13,AGR in first 30,1.06,1.01,1.05,1.01,1.05,2.39,2.04,1.44,CGC,CGA,CGA
wcaD,-1,16,AGR in first 30,1.04,1.07,1.02,1.0,1.38,1.14,3.12,1.36,CGT,CGC,CGT
asmA,-1,4,AGR in first 30,1.13,1.0,1.11,1.07,1.59,1.59,1.05,1.59,CGC,CGG,CGC
yegX,-1,10,AGR in first 30,1.07,1.13,1.1,1.01,1.8,2.4,1.59,2.31,CGT,CGG,CGT
yehB,-1,7,AGR in first 30,1.17,1.1,1.1,1.2,4.64,4.15,3.43,4.55,CGC,CGG,CGG
cirA,-1,7,AGR in first 30,1.04,1.15,1.03,1.06,5.18,5.18,4.87,5.18,CGG,CGG,CGG
nupX,-1,13,AGR in first 30,1.01,1.01,1.01,1.03,4.14,3.69,2.63,4.23,CGA,CGG,CGG
rihB,-1,10,AGR in first 30,1.02,1.03,1.04,1.0,1.28,1.91,2.01,1.91,CGT,CGA,CGA
psuT,-1,13,AGR in first 30,1.02,1.12,1.01,1.04,2.87,2.34,1.28,3.02,CGG,CGG,CGG
fruK,-1,7,AGR in first 30,1.08,1.07,1.01,1.01,2.17,1.77,2.35,2.35,CGT,CGC,CGG
yeiP,1,7,AGR in first 30,1.0,1.0,1.1,1.06,1.05,1.92,1.73,2.77,CGA,CGA,CGA
yeiR,1,7,AGR in first 30,1.12,1.01,1.08,1.11,2.57,3.52,1.0,3.07,CGC,CGG,CGG
mepS,1,25,AGR in first 30,1.1,1.0,1.02,1.1,4.06,3.84,1.95,4.05,CGC,CGG,CGG
ccmH,-1,4,AGR in first 30,1.05,1.01,1.08,1.05,3.75,4.06,2.08,3.87,CGC,CGG,CGA
ccmA,-1,19,AGR in first 30,1.17,1.3,1.12,1.14,1.1,1.05,2.48,1.5,CGG,CGC,CGA
yfaQ,-1,13,AGR in first 30,1.01,1.08,1.01,1.03,1.45,1.59,2.35,1.54,CGA,CGA,CGA
yfaT,-1,4,AGR in first 30,1.0,1.02,1.03,1.08,2.22,3.71,5.1,2.63,CGA,CGA,CGT
gyrA,-1,16,AGR in first 30,1.04,1.1,1.05,1.05,1.27,1.82,1.71,2.86,CGA,CGA,CGA
yfcQ,-1,4,AGR in first 30,1.04,1.04,1.02,1.01,1.95,1.95,1.86,1.55,CGT,CGT,CGG
dsdC,-1,22,AGR in first 30,1.05,1.03,1.03,1.0,1.78,2.64,1.86,1.74,CGT,CGT,CGA
yfeO,1,19,AGR in first 30,1.0,1.01,1.04,1.04,1.0,1.0,1.0,1.9,CGA,CGA,CGA
ypeC,1,7,AGR in first 30,1.04,1.08,1.08,1.05,1.37,1.14,2.35,1.05,CGA,CGT,CGT
yfeC,1,22,AGR in first 30,1.0,1.03,1.08,1.05,1.08,3.08,2.17,3.23,CGA,CGA,CGA
yfeD,1,7,AGR in first 30,1.0,1.13,1.22,1.01,1.71,3.24,1.23,2.13,CGA,CGG,CGA
xapR,-1,16,AGR in first 30,1.02,1.11,1.03,1.05,1.0,1.0,2.63,1.18,CGA,CGA,CGA
cysU,-1,19,AGR in first 30,1.07,1.09,1.02,1.02,1.05,1.68,1.86,1.14,CGT,CGA,CGT
hyfC,1,4,AGR in first 30,1.02,1.02,1.11,1.0,1.49,1.95,1.41,1.86,CGT,CGG,CGA
focB,1,4,AGR in first 30,1.03,1.07,1.18,1.03,1.31,2.67,2.31,1.81,CGA,CGA,CGA
bepA,1,7,AGR in first 30,1.12,1.07,1.05,1.12,1.36,1.36,1.77,1.36,CGG,CGA,CGC
ispG,-1,28,AGR in first 30,1.02,1.02,1.01,1.06,1.05,1.55,2.88,1.46,CGG,CGA,CGA
iscR,-1,4,AGR in first 30,1.0,1.01,1.03,1.04,1.53,1.68,1.41,2.45,CGA,CGG,CGA
yphF,-1,16,AGR in first 30,1.04,1.18,1.18,1.14,2.88,3.12,2.8,3.16,CGA,CGG,CGA
yphH,1,4,AGR in first 30,1.14,1.23,1.18,1.24,2.26,4.01,2.4,4.06,CGA,CGA,CGA
ypjJ,1,4,AGR in first 30,1.09,1.11,1.06,1.02,1.1,1.77,2.76,1.41,CGT,CGA,CGA
ypjA,-1,7,AGR in first 30,1.01,1.07,1.02,1.07,1.76,1.95,1.27,1.95,CGA,CGG,CGG
ygaQ,1,25,AGR in first 30,1.11,1.21,1.2,1.3,1.0,1.0,3.16,1.0,CGA,CGA,CGA
yqaE,-1,13,AGR in first 30,1.05,1.05,1.1,1.05,4.33,4.65,2.76,4.56,CGA,CGG,CGG
pcm,-1,10,AGR in first 30,1.01,1.0,1.02,1.04,1.27,1.27,2.58,1.27,CGC,CGA,CGC
casE,-1,28,AGR in first 30,1.11,1.11,1.11,1.11,7.56,7.43,7.83,7.47,*,CGC,CGT
casD,-1,4,AGR in first 30,1.01,1.06,1.01,1.04,2.98,3.03,1.14,4.14,CGA,CGG,CGG
relA,-1,13,AGR in first 30,1.04,1.04,1.04,1.04,1.0,1.0,1.05,1.0,*,CGA,CGT
fucO,-1,10,AGR in first 30,1.02,1.02,1.01,1.03,2.31,1.9,4.29,2.31,CGG,CGC,CGC
recC,-1,7,AGR in first 30,1.0,1.02,1.04,1.06,1.26,2.81,2.17,2.94,CGA,CGA,CGA
kduI,-1,10,AGR in first 30,1.0,1.0,1.0,1.04,1.42,1.74,1.41,2.59,CGA,CGG,CGG
ygfM,1,19,AGR in first 30,1.08,1.06,1.06,1.06,1.28,1.26,2.22,1.05,CGC,CGT,CGT
argP,1,19,AGR in first 30,1.0,1.14,1.11,1.05,1.23,3.91,2.48,2.27,CGA,CGA,CGA
scpC,1,19,AGR in first 30,1.02,1.0,1.02,1.06,1.14,1.23,2.08,1.23,CGC,CGA,CGC
yggX,1,7,AGR in first 30,1.0,1.13,1.02,1.12,1.74,1.77,2.14,1.77,CGA,CGA,CGC
yghG,-1,25,AGR in first 30,1.02,1.07,1.0,1.1,4.24,4.51,2.85,4.87,CGG,CGG,CGG
hybC,-1,10,AGR in first 30,1.04,1.02,1.17,1.15,2.04,3.03,1.45,2.7,CGC,CGG,CGA
hybA,-1,7,AGR in first 30,1.05,1.05,1.08,1.05,1.05,1.54,1.62,1.5,CGA,CGA,CGA
ygiC,1,7,AGR in first 30,1.16,1.08,1.13,1.1,1.05,1.72,1.08,1.72,CGC,CGA,CGG
patA,1,7,AGR in first 30,1.03,1.02,1.07,1.03,2.48,2.17,1.09,2.13,CGC,CGG,CGG
ebgC,1,4,AGR in first 30,1.19,1.09,1.17,1.09,4.32,5.01,2.22,4.47,CGC,CGG,CGG
ygjJ,1,25,AGR in first 30,1.15,1.21,1.1,1.07,1.36,2.8,1.01,2.52,CGT,CGG,CGG
yhaJ,-1,13,AGR in first 30,1.09,1.05,1.0,1.06,2.12,4.47,1.9,5.1,CGG,CGG,CGG
yhaK,1,22,AGR in first 30,1.11,1.13,1.0,1.13,1.82,1.17,4.84,1.6,CGG,CGC,CGC
garD,1,19,AGR in first 30,1.07,1.06,1.1,1.04,1.0,1.32,1.41,1.05,CGT,CGA,CGT
yhaV,1,16,AGR in first 30,1.06,1.08,1.02,1.02,5.87,2.39,1.23,1.89,CGT,CGG,CGG
kbaZ,1,25,AGR in first 30,1.03,1.11,1.07,1.07,5.36,5.36,5.36,5.36,CGA,*,CGA
yraK,1,7,AGR in first 30,1.03,1.01,1.05,1.05,1.95,1.46,2.21,1.46,CGC,CGC,CGT
yraN,1,19,AGR in first 30,1.08,1.08,1.02,1.08,2.76,2.49,1.9,2.49,CGG,CGG,CGG
diaA,1,10,AGR in first 30,1.0,1.15,1.0,1.08,1.62,2.4,2.13,2.0,CGA,CGA,CGA
yhbX,-1,25,AGR in first 30,1.0,1.01,1.02,1.03,1.05,1.55,2.75,1.46,CGA,CGA,CGA
dacB,1,13,AGR in first 30,1.07,1.11,1.07,1.0,1.85,1.54,1.41,1.45,CGT,CGG,CGT
lptC,1,13,AGR in first 30,1.1,1.1,1.1,1.1,2.62,2.58,2.49,2.98,*,CGG,CGG
rpoN,1,22,AGR in first 30,1.05,1.03,1.0,1.07,1.14,1.32,1.27,1.23,CGG,CGA,CGG
gltB,1,25,AGR in first 30,1.0,1.02,1.09,1.0,1.09,3.57,1.18,2.42,CGA,CGA,CGG
yhcA,1,7,AGR in first 30,1.16,1.16,1.16,1.16,1.08,1.54,1.05,1.45,*,CGG,CGG
aaeA,-1,16,AGR in first 30,1.01,1.01,1.08,1.02,1.89,2.49,1.18,2.4,CGA,CGG,CGA
yhdP,-1,4,AGR in first 30,1.27,1.24,1.05,1.25,1.43,1.29,1.89,1.43,CGG,CGC,CGG
csrD,-1,4,AGR in first 30,1.04,1.06,1.1,1.01,1.78,1.78,1.42,2.55,CGT,CGG,CGA
dusB,1,25,AGR in first 30,1.08,1.01,1.06,1.03,1.54,1.21,3.42,1.31,CGC,CGC,CGC
yhdJ,1,4,AGR in first 30,1.02,1.11,1.09,1.04,3.21,3.71,1.63,2.93,CGA,CGG,CGG
acrS,-1,10,AGR in first 30,1.0,1.09,1.11,1.02,1.62,2.67,1.14,2.13,CGA,CGG,CGA
acrE,1,16,AGR in first 30,1.03,1.08,1.0,1.05,1.26,1.23,1.27,1.14,CGG,CGT,CGG
yhdV,1,7,AGR in first 30,1.0,1.15,1.02,1.07,1.71,2.22,1.14,2.13,CGA,CGG,CGG
yrdB,-1,28,AGR in first 30,1.03,1.1,1.01,1.03,2.08,4.2,1.32,2.13,CGG,CGG,CGG
tsaC,-1,19,AGR in first 30,1.02,1.11,1.05,1.09,1.45,2.23,1.35,2.32,CGA,CGG,CGA
rpsD,-1,7,AGR in first 30,1.0,1.0,1.01,1.02,1.45,1.23,1.72,1.63,CGA,CGC,CGC
rpsJ,-1,13,AGR in first 30,1.11,1.05,1.09,1.12,1.95,1.59,1.32,1.73,CGC,CGG,CGC
gspA,-1,10,AGR in first 30,1.02,1.03,1.07,1.1,1.0,1.0,2.58,1.9,CGA,CGA,CGC
gspA,-1,13,AGR in first 30,1.02,1.02,1.14,1.01,1.05,1.96,1.62,3.66,CGT,CGA,CGA
gspE,1,4,AGR in first 30,1.01,1.06,1.0,1.06,1.1,1.18,3.25,1.05,CGG,CGT,CGA
yheO,-1,7,AGR in first 30,1.13,1.05,1.07,1.11,2.34,2.72,1.23,2.72,CGC,CGG,CGG
yhfK,1,22,AGR in first 30,1.0,1.01,1.01,1.07,1.08,2.22,1.59,1.23,CGA,CGA,CGA
nirB,1,13,AGR in first 30,1.02,1.16,1.04,1.06,1.08,1.41,1.86,1.41,CGA,CGA,CGA
yhfY,-1,10,AGR in first 30,1.0,1.03,1.03,1.0,1.14,1.59,1.54,1.23,CGA,CGA,CGA
aroB,-1,7,AGR in first 30,1.03,1.06,1.06,1.09,2.58,1.86,2.08,1.77,CGA,CGT,CGC
hofP,-1,4,AGR in first 30,1.17,1.04,1.07,1.06,3.05,6.28,3.49,6.97,CGC,CGA,CGA
envZ,-1,4,AGR in first 30,1.07,1.09,1.01,1.07,3.03,4.47,6.01,3.66,CGG,CGA,CGG
rtcA,-1,7,AGR in first 30,1.04,1.07,1.06,1.01,4.06,2.12,4.06,3.02,CGT,CGC,CGC
glgB,-1,19,AGR in first 30,1.18,1.18,1.18,1.18,1.63,2.12,1.55,1.22,*,CGT,CGT
gntR,-1,13,AGR in first 30,1.0,1.0,1.09,1.12,1.64,1.5,1.05,1.64,CGA,CGG,CGC
yhiN,-1,7,AGR in first 30,1.03,1.03,1.0,1.03,2.08,1.81,1.05,1.95,CGG,CGG,CGG
dctR,1,19,AGR in first 30,1.0,1.05,1.0,1.07,1.73,2.98,1.59,2.88,CGA,CGG,CGG
mdtE,1,7,AGR in first 30,1.11,1.03,1.02,1.04,1.0,1.85,3.67,1.26,CGG,CGA,CGT
mdtE,1,10,AGR in first 30,1.0,1.0,1.02,1.0,2.36,2.36,2.62,2.36,CGA,CGA,CGA
mdtE,1,13,AGR in first 30,1.0,1.0,1.0,1.0,2.46,2.46,1.36,2.01,*,CGG,CGG
yhjB,-1,22,AGR in first 30,1.29,1.06,1.0,1.15,2.43,2.45,1.0,2.45,CGG,CGG,CGG
yhjH,-1,7,AGR in first 30,1.0,1.15,1.0,1.05,3.53,3.53,2.08,3.57,CGA,CGG,CGG
bcsB,-1,7,AGR in first 30,1.09,1.01,1.08,1.12,1.35,1.95,1.77,1.86,CGC,CGA,CGC
bcsE,1,4,AGR in first 30,1.04,1.03,1.04,1.09,5.77,5.2,2.31,2.88,CGC,CGG,CGG
eptB,-1,4,AGR in first 30,1.0,1.04,1.1,1.04,1.67,2.4,1.43,2.08,CGA,CGG,CGA
hokA,-1,16,AGR in first 30,1.0,1.03,1.03,1.05,1.1,1.41,2.08,1.32,CGA,CGA,CGA
glyQ,-1,19,AGR in first 30,1.02,1.0,1.0,1.04,1.76,4.4,1.54,2.76,CGC,CGG,CGG
yibA,1,22,AGR in first 30,1.0,1.2,1.03,1.06,1.73,1.73,1.72,1.28,CGA,CGT,CGA
lldR,1,16,AGR in first 30,1.07,1.07,1.09,1.07,1.13,1.36,2.17,1.5,CGA,CGA,CGT
envC,1,25,AGR in first 30,1.09,1.09,1.0,1.09,1.3,1.3,4.81,1.3,CGG,CGA,CGT
waaZ,-1,13,AGR in first 30,1.05,1.17,1.07,1.09,1.05,1.27,2.39,1.05,CGA,CGA,CGA
slmA,1,25,AGR in first 30,1.0,1.0,1.0,1.0,4.23,3.21,3.03,4.97,*,CGG,CGG
yicL,1,13,AGR in first 30,1.16,1.16,1.16,1.16,2.08,2.08,2.08,1.9,*,CGT,CGT
emrD,1,7,AGR in first 30,1.03,1.0,1.01,1.02,2.84,2.99,1.9,3.71,CGC,CGG,CGG
emrD,1,13,AGR in first 30,1.14,1.12,1.1,1.08,1.62,1.23,2.22,1.23,CGT,CGC,CGA
yidG,-1,22,AGR in first 30,1.0,1.02,1.13,1.0,1.0,1.0,2.89,2.17,CGA,CGA,CGA
yidQ,1,7,AGR in first 30,1.02,1.13,1.09,1.11,2.26,2.26,2.14,2.26,CGA,CGG,CGA
rnpA,1,22,AGR in first 30,1.29,1.1,1.0,1.19,3.21,4.42,1.9,3.7,CGG,CGG,CGG
cbrC,1,16,AGR in first 30,1.05,1.01,1.1,1.07,2.03,2.17,1.27,2.17,CGC,CGG,CGG
bglH,-1,7,AGR in first 30,1.03,1.03,1.08,1.03,1.0,1.0,1.91,1.0,CGA,CGA,CGT
bglF,-1,16,AGR in first 30,1.1,1.1,1.1,1.1,1.23,1.55,2.88,1.46,*,CGA,CGA
ravA,-1,28,AGR in first 30,1.01,1.01,1.03,1.01,1.08,1.08,2.13,1.08,CGA,CGA,CGT
rffG,1,4,AGR in first 30,1.04,1.02,1.01,1.01,1.85,2.44,1.14,2.35,CGT,CGG,CGG
hemC,-1,19,AGR in first 30,1.0,1.07,1.04,1.02,1.29,1.29,4.26,1.29,CGA,CGA,CGA
hemG,1,28,AGR in first 30,1.04,1.08,1.01,1.0,3.48,3.43,1.9,3.57,CGT,CGG,CGG
yihM,1,22,AGR in first 30,1.01,1.04,1.02,1.03,1.55,1.55,2.26,1.28,CGA,CGT,CGA
yihY,1,28,AGR in first 30,1.32,1.28,1.16,1.41,1.77,1.77,1.41,1.77,CGG,CGG,CGG
yiiF,1,7,AGR in first 30,1.07,1.19,1.13,1.11,1.8,1.66,2.31,1.5,CGA,CGT,CGA
fdoG,-1,13,AGR in first 30,1.09,1.14,1.1,1.08,1.72,1.97,3.09,1.97,CGT,CGA,CGA
fdoG,-1,16,AGR in first 30,1.08,1.04,1.0,1.04,2.88,3.03,1.95,2.9,CGG,CGG,CGG
yiiG,1,7,AGR in first 30,1.01,1.01,1.08,1.01,3.74,4.33,1.9,4.24,CGA,CGG,CGG
glpX,-1,4,AGR in first 30,1.14,1.28,1.19,1.18,2.5,2.5,2.64,4.17,CGA,CGA,CGA
yiiX,-1,10,AGR in first 30,1.05,1.07,1.1,1.04,1.44,1.9,1.41,1.81,CGT,CGG,CGA
fabR,1,10,AGR in first 30,1.0,1.03,1.04,1.01,1.05,2.41,1.13,4.47,CGA,CGA,CGA
yijD,1,22,AGR in first 30,1.02,1.12,1.01,1.06,1.05,5.28,2.13,4.2,CGG,CGA,CGA
yjbH,1,10,AGR in first 30,1.0,1.01,1.03,1.09,1.76,2.26,1.18,2.13,CGA,CGG,CGG
lexA,1,19,AGR in first 30,1.01,1.07,1.04,1.01,2.77,2.45,1.05,3.04,CGA,CGG,CGG
ssb,1,10,AGR in first 30,1.0,1.05,1.02,1.02,1.05,3.49,1.49,3.76,CGA,CGA,CGA
actP,-1,7,AGR in first 30,1.0,1.03,1.02,1.03,1.05,3.44,1.37,3.97,CGA,CGA,CGA
nrfA,1,7,AGR in first 30,1.03,1.04,1.06,1.01,3.65,4.24,1.9,4.15,CGT,CGG,CGG
alsC,-1,16,AGR in first 30,1.03,1.03,1.14,1.0,1.05,5.06,1.59,3.26,CGT,CGA,CGA
proP,1,10,AGR in first 30,1.01,1.02,1.06,1.01,3.42,4.02,1.59,3.93,CGA,CGG,CGG
eptA,-1,22,AGR in first 30,1.03,1.08,1.16,1.03,1.18,1.14,2.44,1.05,CGA,CGT,CGT
adiY,-1,4,AGR in first 30,1.08,1.02,1.05,1.05,3.93,4.24,6.89,4.29,CGC,CGA,CGC
dcuS,-1,4,AGR in first 30,1.03,1.03,1.06,1.1,4.56,4.35,3.07,4.59,CGA,CGG,CGG
amiB,1,16,AGR in first 30,1.02,1.07,1.02,1.04,3.61,2.89,6.31,3.3,CGA,CGC,CGC
yjfM,1,7,AGR in first 30,1.08,1.05,1.02,1.06,1.05,1.99,1.76,1.46,CGG,CGA,CGC
yjfM,1,22,AGR in first 30,1.0,1.09,1.01,1.04,1.62,2.22,2.22,2.13,CGA,CGA,CGA
yjfC,1,7,AGR in first 30,1.0,1.02,1.04,1.01,2.84,3.3,2.49,3.7,CGA,CGG,CGA
bsmA,-1,10,AGR in first 30,1.08,1.08,1.18,1.09,2.18,2.18,1.86,2.18,CGA,CGG,CGC
ulaR,-1,16,AGR in first 30,1.03,1.03,1.18,1.11,1.76,2.26,1.32,2.13,CGA,CGG,CGA
ytfI,1,10,AGR in first 30,1.0,1.3,1.05,1.16,2.97,3.26,1.23,3.26,CGA,CGG,CGG
ytfI,1,16,AGR in first 30,1.04,1.26,1.09,1.12,1.0,1.41,1.65,1.0,CGA,CGA,CGG
chpS,1,19,AGR in first 30,1.13,1.08,1.09,1.0,1.0,1.0,1.0,2.49,CGT,CGA,CGC
yjgH,-1,10,AGR in first 30,1.01,1.01,1.11,1.06,1.62,2.09,1.05,2.09,CGA,CGG,CGA
lptF,1,13,AGR in first 30,1.02,1.13,1.01,1.07,1.18,2.53,2.94,1.05,CGG,CGT,CGA
idnR,-1,13,AGR in first 30,1.04,1.14,1.11,1.14,1.05,1.55,2.79,2.0,CGA,CGA,CGA
yjhU,-1,7,AGR in first 30,1.02,1.02,1.15,1.02,1.23,2.3,1.12,2.3,CGA,CGG,CGA
sgcR,-1,13,AGR in first 30,1.03,1.03,1.0,1.04,1.65,1.8,1.43,1.8,CGG,CGG,CGG
fimB,1,28,AGR in first 30,1.01,1.0,1.12,1.06,2.66,3.25,1.41,3.16,CGC,CGG,CGG
fimI,1,7,AGR in first 30,1.03,1.01,1.0,1.07,3.36,3.36,2.44,2.91,CGG,CGG,CGG
fimI,1,13,AGR in first 30,1.0,1.0,1.0,1.0,1.28,1.63,1.21,1.63,*,CGG,CGA
fimC,1,25,AGR in first 30,1.0,1.02,1.0,1.03,3.96,6.32,2.13,4.92,CGA,CGG,CGG
fimD,1,19,AGR in first 30,1.0,1.04,1.05,1.01,1.98,2.8,1.81,2.35,CGA,CGG,CGA
fimF,1,4,AGR in first 30,1.05,1.01,1.03,1.06,1.04,1.63,2.53,1.54,CGC,CGA,CGA
uxuR,1,25,AGR in first 30,1.04,1.11,1.18,1.02,1.76,5.37,1.95,4.7,CGT,CGA,CGA
yjiN,-1,22,AGR in first 30,1.03,1.03,1.02,1.03,1.08,1.41,1.0,1.41,CGG,CGG,CGG
yjiS,1,19,AGR in first 30,1.02,1.14,1.1,1.07,1.0,5.94,1.59,5.09,CGA,CGA,CGA
dnaT,-1,10,AGR in first 30,1.03,1.02,1.09,1.09,1.05,3.81,2.33,4.22,CGC,CGA,CGA
bglJ,1,25,AGR in first 30,1.15,1.07,1.11,1.03,1.87,2.77,2.13,2.32,CGT,CGA,CGT
osmY,1,13,AGR in first 30,1.01,1.21,1.21,1.15,1.76,1.91,1.18,1.91,CGA,CGG,CGA
yjjW,-1,10,AGR in first 30,1.0,1.04,1.02,1.0,1.65,1.27,2.76,1.27,CGA,CGC,CGT
