gene,strand,downstream_gene,AGR_pos,wt_codon,type,mRNA_CGA,mRNA_CGC,mRNA_CGG,mRNA_CGT,RBS_CGA,RBS_CGC,RBS_CGG,RBS_CGT,best_ss,best_RBS,test_rules.ss_0.65_over_1.5411_rbs_0.35_over_8.4257.2015_06_10_1545
ilvI,1,ilvH,1717,AGA,AGR in RBS of downstream,1.08,1.03,1.01,1.08,1.14,1.32,1.05,1.23,CGG,CGG,CGG
rsmH,1,ftsL,928,AGG,AGR in RBS of downstream,1.06,1.07,1.06,1.06,3.6,3.78,2.33,3.24,CGA,CGG,CGG
ftsI,1,murE,1759,AGA,AGR in RBS of downstream,1.06,1.01,1.05,1.05,1.0,1.0,1.0,1.0,CGC,*,CGA
fes,1,ybdZ,1195,AGG,AGR in RBS of downstream,1.05,1.03,1.07,1.06,2.89,3.25,1.23,3.3,CGC,CGG,CGG
gsiC,1,gsiD,910,AGG,AGR in RBS of downstream,1.04,1.02,1.04,1.04,6.19,6.1,2.53,6.55,CGC,CGG,CGG
ybjC,1,nfsA,259,AGA,AGR in RBS of downstream,1.08,1.12,1.12,1.31,1.05,2.05,1.48,2.32,CGA,CGA,CGA
elfC,1,elfG,2596,AGA,AGR in RBS of downstream,1.0,1.0,1.09,1.0,1.0,1.0,1.0,1.0,CGA,*,CGT
pqiB,1,pqiC,1627,AGG,AGR in RBS of downstream,1.03,1.02,1.02,1.0,1.8,2.77,1.64,2.09,CGT,CGG,CGG
ymcE,1,gnsA,202,AGA,AGR in RBS of downstream,1.03,1.07,1.0,1.02,1.0,1.59,1.41,1.45,CGG,CGA,CGA
yciV,1,yciO,871,AGG,AGR in RBS of downstream,1.08,1.07,1.01,1.03,2.84,3.02,3.03,3.2,CGG,CGA,CGA
pspB,1,pspC,214,AGG,AGR in RBS of downstream,1.03,1.02,1.0,1.05,5.96,6.45,4.69,7.89,CGG,CGG,CGG
ycjO,1,ycjP,850,AGG,AGR in RBS of downstream,1.15,1.16,1.0,1.17,1.77,1.77,3.48,1.91,CGG,CGA,CGA
paaX,1,paaY,946,AGA,AGR in RBS of downstream,1.1,1.02,1.07,1.07,1.0,1.0,1.0,1.0,CGC,*,CGA
ydcT,1,ydcU,1009,AGG,AGR in RBS of downstream,1.09,1.02,1.06,1.09,2.4,2.26,2.53,2.08,CGC,CGT,CGT
ydiN,1,ydiB,1258,AGA,AGR in RBS of downstream,1.12,1.16,1.18,1.24,1.0,1.41,1.05,2.58,CGA,CGA,CGA
ydjZ,1,ynjA,697,AGG,AGR in RBS of downstream,1.09,1.08,1.03,1.09,3.12,3.57,2.32,3.62,CGG,CGG,CGG
ynjC,1,ynjD,1519,AGA,AGR in RBS of downstream,1.15,1.15,1.15,1.15,2.98,2.98,2.98,2.98,*,*,CGG
fliJ,1,fliK,430,AGG,AGR in RBS of downstream,1.02,1.01,1.01,1.04,4.06,4.78,3.84,4.51,CGC,CGG,CGG
fliO,1,fliP,358,AGA,AGR in RBS of downstream,1.01,1.0,1.01,1.03,1.9,3.1,1.41,1.81,CGC,CGG,CGG
hisF,1,hisI,766,AGG,AGR in RBS of downstream,1.01,1.04,1.0,1.05,1.77,3.43,1.77,1.77,CGG,CGA,CGG
iceT,1,baeS,1402,AGG,AGR in RBS of downstream,1.0,1.0,1.02,1.0,4.64,5.46,1.9,4.96,CGA,CGG,CGG
baeS,1,baeR,1393,AGA,AGR in RBS of downstream,1.04,1.09,1.17,1.04,1.46,3.13,1.14,2.86,CGA,CGG,CGG
yfiN,1,yfiB,1222,AGA,AGR in RBS of downstream,1.06,1.17,1.06,1.11,1.0,1.18,1.18,1.18,CGA,CGA,CGA
ygbL,1,ygbM,631,AGG,AGR in RBS of downstream,1.04,1.06,1.03,1.04,5.25,7.37,2.13,6.47,CGG,CGG,CGG
ygcN,1,ygcO,1252,AGG,AGR in RBS of downstream,1.01,1.04,1.03,1.0,3.79,5.68,1.63,4.69,CGT,CGG,CGG
lpoA,1,yraN,1984,AGG,AGR in RBS of downstream,1.0,1.04,1.0,1.05,2.89,4.42,1.23,3.57,CGA,CGG,CGG
lptC,1,lptA,535,AGA,AGR in RBS of downstream,1.03,1.03,1.1,1.14,1.0,1.0,1.54,1.05,CGA,CGA,CGC
gspC,1,gspD,805,AGG,AGR in RBS of downstream,1.01,1.18,1.0,1.1,1.0,1.0,1.0,1.0,CGG,*,CGG
gspH,1,gspI,493,AGA,AGR in RBS of downstream,1.05,1.03,1.05,1.03,1.14,2.32,1.47,1.6,CGC,CGA,CGA
gspL,1,gspM,1147,AGG,AGR in RBS of downstream,1.11,1.16,1.07,1.04,6.47,6.47,2.13,6.47,CGT,CGG,CGG
gspM,1,gspO,448,AGG,AGR in RBS of downstream,1.07,1.07,1.06,1.1,2.49,2.44,1.9,2.71,CGG,CGG,CGG
frlC,1,frlD,826,AGA,AGR in RBS of downstream,1.0,1.1,1.09,1.03,1.54,19.42,3.17,2.06,CGA,CGA,CGA
rhsB,1,yhhH,4216,AGA,AGR in RBS of downstream,1.09,1.14,1.07,1.09,1.0,1.0,1.0,1.0,CGG,*,CGA
bcsF,1,bcsG,175,AGG,AGR in RBS of downstream,1.01,1.04,1.03,1.13,2.01,1.28,3.6,1.37,CGA,CGC,CGC
xylG,1,xylH,1507,AGG,AGR in RBS of downstream,1.01,1.05,1.08,1.01,4.75,5.19,2.17,5.1,CGA,CGG,CGG
rhsJ,1,yibG,940,AGA,AGR in RBS of downstream,1.11,1.08,1.1,1.12,1.81,2.31,1.13,2.71,CGC,CGG,CGG
lldR,1,lldD,760,AGG,AGR in RBS of downstream,1.08,1.13,1.17,1.09,4.33,4.51,3.34,5.77,CGA,CGG,CGG
envC,1,yibQ,1255,AGA,AGR in RBS of downstream,1.07,1.08,1.06,1.14,1.23,2.04,2.26,1.09,CGG,CGT,CGT
yidD,1,yidC,247,AGA,AGR in RBS of downstream,1.01,1.09,1.06,1.01,1.05,1.96,1.43,2.91,CGA,CGA,CGA
rbsK,1,rbsR,925,AGG,AGR in RBS of downstream,1.03,1.01,1.07,1.03,3.27,3.27,4.98,3.41,CGC,CGA,CGA
wecD,1,wecE,670,AGG,AGR in RBS of downstream,1.06,1.02,1.07,1.03,2.4,2.58,1.23,2.9,CGC,CGG,CGG
wzxE,1,wecF,1240,AGG,AGR in RBS of downstream,1.03,1.09,1.06,1.11,3.38,2.1,1.18,3.92,CGA,CGG,CGG
wecF,1,wzyE,1066,AGG,AGR in RBS of downstream,1.08,1.01,1.03,1.04,2.57,2.79,1.68,3.02,CGC,CGG,CGG
secE,1,nusG,376,AGG,AGR in RBS of downstream,1.03,1.07,1.05,1.0,3.75,5.33,3.21,4.25,CGT,CGG,CGG
nrfF,1,nrfG,370,AGG,AGR in RBS of downstream,1.1,1.01,1.01,1.07,2.73,4.98,2.6,4.2,CGC,CGG,CGG
yjjQ,1,bglJ,706,AGA,AGR in RBS of downstream,1.1,1.19,1.14,1.13,1.0,1.0,1.0,1.0,CGA,*,CGC
creB,1,creC,679,AGG,AGR in RBS of downstream,1.07,1.11,1.04,1.05,1.76,3.47,2.13,3.79,CGG,CGA,CGA
yjjI,-1,yjjW,451,AGA,AGR in RBS of downstream,1.0,1.0,1.0,1.0,1.0,1.0,1.0,1.0,*,*,CGT
yjjP,-1,yjjB,346,AGA,AGR in RBS of downstream,1.0,1.0,1.0,1.0,1.0,1.0,1.0,1.0,*,*,CGA
dnaT,-1,dnaC,532,AGA,AGR in RBS of downstream,1.02,1.01,1.02,1.02,1.5,2.8,1.76,3.43,CGC,CGA,CGA
mcrB,-1,mcrC,1042,AGA,AGR in RBS of downstream,1.0,1.0,1.0,1.0,1.0,1.0,1.0,1.0,*,*,CGC
nanC,-1,nanM,664,AGA,AGR in RBS of downstream,1.0,1.0,1.0,1.0,1.0,1.0,1.0,1.0,*,*,CGG
yjhX,-1,yjhQ,52,AGA,AGR in RBS of downstream,1.0,1.0,1.0,1.0,1.0,1.0,1.0,1.0,*,*,CGT
sgcX,-1,sgcB,754,AGG,AGR in RBS of downstream,1.0,1.0,1.0,1.0,1.0,1.0,1.0,1.0,*,*,CGT
sgcC,-1,sgcQ,1051,AGG,AGR in RBS of downstream,1.0,1.0,1.0,1.0,1.0,1.0,1.0,1.0,*,*,CGG
sgcE,-1,sgcR,241,AGA,AGR in RBS of downstream,1.0,1.0,1.0,1.0,1.0,1.0,1.0,1.0,*,*,CGA
yjhI,-1,yjhH,754,AGA,AGR in RBS of downstream,1.0,1.05,1.11,1.09,1.0,1.0,1.0,1.0,CGA,*,CGA
fecB,-1,fecC,487,AGG,AGR in RBS of downstream,1.0,1.0,1.0,1.0,1.0,1.0,1.0,1.0,*,*,CGC
fecC,-1,fecD,988,AGG,AGR in RBS of downstream,1.06,1.04,1.0,1.06,4.32,8.87,3.03,3.6,CGG,CGG,CGG
fecD,-1,fecE,946,AGA,AGR in RBS of downstream,1.09,1.09,1.09,1.09,2.23,3.36,1.47,2.78,*,CGG,CGG
pyrL,-1,pyrB,130,AGA,AGR in RBS of downstream,1.01,1.12,1.12,1.03,3.39,4.83,1.45,3.61,CGA,CGG,CGG
dcuS,-1,dcuR,1627,AGA,AGR in RBS of downstream,1.06,1.06,1.09,1.05,2.33,19.42,2.92,3.12,CGT,CGA,CGA
eptA,-1,basR,1630,AGA,AGR in RBS of downstream,1.0,1.02,1.02,1.03,2.36,4.47,1.36,3.3,CGA,CGG,CGA
phnM,-1,phnN,1126,AGG,AGR in RBS of downstream,1.0,1.0,1.0,1.0,1.94,3.23,1.9,3.23,*,CGG,CGG
alsA,-1,alsC,826,AGA,AGR in RBS of downstream,1.0,1.0,1.0,1.0,1.0,1.0,1.0,1.0,*,*,CGG
alsC,-1,alsE,16,AGA,AGR in RBS of downstream,1.0,1.0,1.0,1.0,1.0,1.0,1.0,1.0,*,*,CGA
alsE,-1,alsK,631,AGA,AGR in RBS of downstream,1.0,1.0,1.0,1.0,1.0,1.0,1.0,1.0,*,*,CGA
ytcA,-1,mdtN,172,AGG,AGR in RBS of downstream,1.0,1.0,1.0,1.0,1.0,1.0,1.0,1.0,*,*,CGC
mdtN,-1,mdtO,472,AGA,AGR in RBS of downstream,1.0,1.0,1.0,1.0,1.0,1.0,1.0,1.0,*,*,CGT
mdtO,-1,mdtP,1825,AGA,AGR in RBS of downstream,1.0,1.0,1.0,1.0,1.0,1.0,1.0,1.0,*,*,CGG
yjcH,-1,actP,46,AGG,AGR in RBS of downstream,1.0,1.0,1.0,1.0,1.0,1.0,1.0,1.0,*,*,CGG
thiC,-1,thiE,1858,AGA,AGR in RBS of downstream,1.0,1.04,1.01,1.02,1.0,1.0,1.0,1.0,CGA,*,CGA
fdoG,-1,fdoH,16,AGG,AGR in RBS of downstream,1.0,1.0,1.0,1.0,1.0,1.0,1.0,1.0,*,*,CGG
glnL,-1,glnG,1042,AGG,AGR in RBS of downstream,1.03,1.02,1.01,1.04,1.0,1.0,1.0,1.27,CGG,CGA,CGG
mobA,-1,mobB,334,AGG,AGR in RBS of downstream,1.0,1.0,1.0,1.0,1.0,1.0,1.0,1.0,*,*,CGG
yigG,-1,yigF,43,AGA,AGR in RBS of downstream,1.0,1.0,1.0,1.0,1.0,1.0,1.0,1.0,*,*,CGA
hemC,-1,hemD,19,AGA,AGR in RBS of downstream,1.0,1.0,1.0,1.0,1.0,1.0,1.0,1.0,*,*,CGA
hemX,-1,hemY,43,AGG,AGR in RBS of downstream,1.0,1.0,1.0,1.0,1.0,1.0,1.0,1.0,*,*,CGC
ravA,-1,viaA,28,AGA,AGR in RBS of downstream,1.0,1.0,1.0,1.0,1.0,1.0,1.0,1.0,*,*,CGT
bglF,-1,bglB,16,AGA,AGR in RBS of downstream,1.0,1.0,1.0,1.0,1.0,1.0,1.0,1.0,*,*,CGA
yieL,-1,yieK,706,AGA,AGR in RBS of downstream,1.0,1.0,1.0,1.0,1.0,1.0,1.0,1.0,*,*,CGG
dnaA,-1,dnaN,1387,AGA,AGR in RBS of downstream,1.02,1.04,1.01,1.01,1.0,1.0,1.27,1.0,CGT,CGA,CGT
dnaN,-1,recF,1093,AGA,AGR in RBS of downstream,1.02,1.07,1.1,1.01,2.58,2.44,2.31,2.44,CGT,CGG,CGG
dgoR,-1,dgoK,670,AGG,AGR in RBS of downstream,1.02,1.02,1.0,1.02,1.32,1.36,1.05,1.36,CGG,CGG,CGG
dgoK,-1,dgoA,850,AGG,AGR in RBS of downstream,1.04,1.01,1.0,1.03,4.87,5.14,2.17,4.96,CGG,CGG,CGG
dgoA,-1,dgoD,232,AGG,AGR in RBS of downstream,1.0,1.0,1.0,1.0,1.0,1.0,1.0,1.0,*,*,CGG
yidG,-1,yidF,352,AGA,AGR in RBS of downstream,1.05,1.11,1.05,1.05,1.9,2.69,1.36,2.15,CGA,CGG,CGG
ilvB,-1,ilvN,424,AGA,AGR in RBS of downstream,1.0,1.0,1.0,1.0,1.0,1.0,1.0,1.0,*,*,CGA
waaQ,-1,waaG,1018,AGG,AGR in RBS of downstream,1.04,1.02,1.02,1.07,3.11,3.62,1.23,4.21,CGC,CGG,CGG
waaG,-1,waaP,517,AGA,AGR in RBS of downstream,1.0,1.0,1.0,1.0,1.0,1.0,1.0,1.0,*,*,CGT
waaB,-1,waaO,1072,AGG,AGR in RBS of downstream,1.06,1.06,1.12,1.06,2.76,3.07,2.98,2.98,CGA,CGA,CGA
waaR,-1,waaY,928,AGA,AGR in RBS of downstream,1.0,1.0,1.0,1.0,1.0,1.0,1.0,1.0,*,*,CGG
glyQ,-1,glyS,19,AGG,AGR in RBS of downstream,1.0,1.0,1.0,1.0,1.0,1.0,1.0,1.0,*,*,CGG
dppD,-1,dppF,970,AGG,AGR in RBS of downstream,1.07,1.12,1.02,1.09,4.28,4.1,2.26,4.57,CGG,CGG,CGG
bcsA,-1,bcsB,946,AGG,AGR in RBS of downstream,1.0,1.0,1.0,1.0,1.0,1.0,1.0,1.0,*,*,CGG
bcsB,-1,bcsZ,7,AGA,AGR in RBS of downstream,1.0,1.0,1.0,1.0,1.0,1.0,1.0,1.0,*,*,CGC
yhiI,-1,rbbA,1054,AGG,AGR in RBS of downstream,1.11,1.11,1.07,1.0,3.82,3.82,3.82,3.82,CGT,*,CGT
rbbA,-1,yhhJ,1327,AGG,AGR in RBS of downstream,1.0,1.0,1.0,1.0,1.0,1.0,1.0,1.0,*,*,CGG
ftsE,-1,ftsX,43,AGA,AGR in RBS of downstream,1.0,1.0,1.0,1.0,1.0,1.0,1.0,1.0,*,*,CGA
glgB,-1,glgX,19,AGA,AGR in RBS of downstream,1.0,1.0,1.0,1.0,1.0,1.0,1.0,1.0,*,*,CGT
glgX,-1,glgC,1969,AGA,AGR in RBS of downstream,1.06,1.06,1.07,1.06,1.0,1.0,1.0,1.0,CGA,*,CGG
glgC,-1,glgA,319,AGA,AGR in RBS of downstream,1.0,1.0,1.0,1.0,1.0,1.0,1.0,1.0,*,*,CGA
rtcB,-1,rtcA,799,AGA,AGR in RBS of downstream,1.0,1.0,1.0,1.0,1.0,1.0,1.0,1.0,*,*,CGA
hofM,-1,hofN,445,AGG,AGR in RBS of downstream,1.0,1.0,1.0,1.0,1.0,1.0,1.0,1.0,*,*,CGC
hofN,-1,hofO,511,AGG,AGR in RBS of downstream,1.07,1.1,1.08,1.1,4.97,4.97,3.52,4.52,CGA,CGG,CGG
hofP,-1,hofQ,4,AGG,AGR in RBS of downstream,1.0,1.0,1.0,1.0,1.0,1.0,1.0,1.0,*,*,CGA
yhfG,-1,fic,148,AGG,AGR in RBS of downstream,1.16,1.12,1.12,1.13,4.32,4.75,2.04,4.89,CGC,CGG,CGG
kefG,-1,kefB,505,AGA,AGR in RBS of downstream,1.0,1.0,1.0,1.0,1.0,1.0,1.0,1.0,*,*,CGG
kefB,-1,yheV,1717,AGG,AGR in RBS of downstream,1.0,1.0,1.0,1.0,1.0,1.0,1.0,1.0,*,*,CGA
yheO,-1,tusD,7,AGG,AGR in RBS of downstream,1.0,1.0,1.0,1.0,1.0,1.0,1.0,1.0,*,*,CGG
tusD,-1,tusC,370,AGG,AGR in RBS of downstream,1.01,1.01,1.04,1.1,2.26,2.22,1.32,2.31,CGA,CGG,CGG
tusC,-1,tusB,352,AGG,AGR in RBS of downstream,1.09,1.0,1.13,1.0,1.14,2.98,1.14,1.86,CGC,CGA,CGA
gspA,-1,gspB,955,AGA,AGR in RBS of downstream,1.0,1.0,1.0,1.0,1.0,1.0,1.0,1.0,*,*,CGA
rplX,-1,rplE,256,AGA,AGR in RBS of downstream,1.0,1.0,1.0,1.0,1.0,1.0,1.0,1.0,*,*,CGA
yhdN,-1,zntR,190,AGA,AGR in RBS of downstream,1.0,1.0,1.0,1.0,1.0,1.0,1.0,1.0,*,*,CGG
smf,-1,smg,1087,AGG,AGR in RBS of downstream,1.03,1.03,1.06,1.03,5.28,5.68,4.06,5.68,CGA,CGG,CGG
tsaC,-1,aroE,19,AGA,AGR in RBS of downstream,1.0,1.0,1.0,1.0,1.0,1.0,1.0,1.0,*,*,CGA
aroE,-1,yrdB,211,AGA,AGR in RBS of downstream,1.0,1.0,1.0,1.0,1.0,1.0,1.0,1.0,*,*,CGG
mreC,-1,mreD,1045,AGG,AGR in RBS of downstream,1.0,1.0,1.0,1.0,1.0,1.0,1.0,1.0,*,*,CGG
mreD,-1,yhdE,391,AGA,AGR in RBS of downstream,1.0,1.0,1.0,1.0,1.0,1.0,1.0,1.0,*,*,CGA
yhdE,-1,rng,574,AGG,AGR in RBS of downstream,1.0,1.04,1.0,1.05,1.28,4.43,1.37,2.51,CGA,CGA,CGA
aaeA,-1,aaeB,16,AGA,AGR in RBS of downstream,1.0,1.0,1.0,1.0,1.0,1.0,1.0,1.0,*,*,CGA
nanK,-1,yhcH,667,AGG,AGR in RBS of downstream,1.0,1.0,1.0,1.0,1.0,1.0,1.0,1.0,*,*,CGC
mlaE,-1,mlaD,52,AGA,AGR in RBS of downstream,1.0,1.0,1.0,1.0,1.0,1.0,1.0,1.0,*,*,CGA
yhbE,-1,obgE,826,AGA,AGR in RBS of downstream,1.0,1.0,1.0,1.0,1.0,1.0,1.0,1.0,*,*,CGA
yrbN,-1,deaD,37,AGA,AGR in RBS of downstream,1.03,1.08,1.01,1.05,1.0,1.0,1.0,1.0,CGG,*,CGT
tdcB,-1,tdcC,910,AGA,AGR in RBS of downstream,1.0,1.0,1.0,1.0,1.0,1.0,1.0,1.0,*,*,CGA
nudF,-1,yqiB,103,AGA,AGR in RBS of downstream,1.0,1.0,1.0,1.0,1.0,1.0,1.0,1.0,*,*,CGC
cpdA,-1,yqiA,46,AGG,AGR in RBS of downstream,1.0,1.0,1.0,1.0,1.0,1.0,1.0,1.0,*,*,CGG
mqsR,-1,mqsA,220,AGG,AGR in RBS of downstream,1.0,1.0,1.0,1.0,1.0,1.0,1.0,1.0,*,*,CGA
hybA,-1,hybB,7,AGA,AGR in RBS of downstream,1.0,1.0,1.0,1.0,1.0,1.0,1.0,1.0,*,*,CGA
hybC,-1,hybD,10,AGA,AGR in RBS of downstream,1.0,1.0,1.0,1.0,1.0,1.0,1.0,1.0,*,*,CGA
hybE,-1,hybF,469,AGG,AGR in RBS of downstream,1.06,1.06,1.06,1.06,6.67,6.67,2.13,6.67,*,CGG,CGG
glcF,-1,glcG,442,AGA,AGR in RBS of downstream,1.0,1.0,1.0,1.0,1.0,1.0,1.0,1.0,*,*,CGA
trmI,-1,yggL,709,AGG,AGR in RBS of downstream,1.06,1.1,1.04,1.07,2.36,3.46,1.64,3.05,CGG,CGG,CGG
cmtA,-1,yggP,1105,AGG,AGR in RBS of downstream,1.0,1.0,1.0,1.0,1.0,1.0,1.0,1.0,*,*,CGA
yggF,-1,yggD,817,AGG,AGR in RBS of downstream,1.0,1.0,1.0,1.0,1.0,1.0,1.0,1.0,*,*,CGG
pepP,-1,ubiH,1315,AGA,AGR in RBS of downstream,1.03,1.04,1.03,1.03,3.94,4.34,3.94,3.62,CGA,CGT,CGT
ygfT,-1,ygfS,1870,AGG,AGR in RBS of downstream,1.0,1.0,1.0,1.0,1.0,1.0,1.0,1.0,*,*,CGG
rppH,-1,ptsP,523,AGA,AGR in RBS of downstream,1.05,1.04,1.03,1.03,1.0,1.46,1.7,1.32,CGT,CGA,CGA
ppdA,-1,ppdB,427,AGA,AGR in RBS of downstream,1.0,1.01,1.02,1.0,1.0,1.0,1.0,1.0,CGA,*,CGT
ppdB,-1,ygdB,190,AGG,AGR in RBS of downstream,1.0,1.0,1.0,1.0,1.0,1.0,1.0,1.0,*,*,CGG
ygdB,-1,ppdC,385,AGG,AGR in RBS of downstream,1.03,1.03,1.17,1.03,4.59,4.46,5.91,4.01,CGA,CGT,CGT
ppdC,-1,recC,280,AGA,AGR in RBS of downstream,1.0,1.0,1.0,1.0,1.0,1.0,1.0,1.0,*,*,CGC
truC,-1,yqcA,733,AGG,AGR in RBS of downstream,1.0,1.0,1.0,1.0,1.0,1.0,1.0,1.0,*,*,CGT
gudP,-1,gudX,442,AGG,AGR in RBS of downstream,1.0,1.0,1.0,1.0,1.0,1.0,1.0,1.0,*,*,CGA
ygcR,-1,ygcQ,766,AGG,AGR in RBS of downstream,1.13,1.08,1.01,1.12,3.25,4.29,1.95,4.74,CGG,CGG,CGG
casA,-1,casB,1261,AGG,AGR in RBS of downstream,1.0,1.0,1.0,1.0,1.0,1.0,1.0,1.0,*,*,CGG
casB,-1,casC,403,AGG,AGR in RBS of downstream,1.0,1.0,1.0,1.0,1.0,1.0,1.0,1.0,*,*,CGG
casC,-1,casD,730,AGG,AGR in RBS of downstream,1.0,1.0,1.0,1.0,1.0,1.0,1.0,1.0,*,*,CGG
casD,-1,casE,445,AGA,AGR in RBS of downstream,1.0,1.0,1.0,1.0,1.0,1.0,1.0,1.0,*,*,CGT
casE,-1,ygbT,88,AGA,AGR in RBS of downstream,1.0,1.0,1.0,1.0,1.0,1.0,1.0,1.0,*,*,CGA
ygbT,-1,ygbF,754,AGG,AGR in RBS of downstream,1.0,1.0,1.0,1.0,1.0,1.0,1.0,1.0,*,*,CGA
ftsB,-1,ispD,235,AGG,AGR in RBS of downstream,1.0,1.0,1.0,1.0,1.0,1.0,1.0,1.0,*,*,CGG
truD,-1,umpG,1003,AGG,AGR in RBS of downstream,1.05,1.06,1.03,1.02,1.0,1.0,1.0,1.0,CGT,*,CGG
hycB,-1,hycC,112,AGA,AGR in RBS of downstream,1.0,1.0,1.0,1.0,1.0,1.0,1.0,1.0,*,*,CGG
hycH,-1,hycI,397,AGA,AGR in RBS of downstream,1.03,1.02,1.04,1.01,1.48,1.88,1.45,1.75,CGT,CGG,CGG
yqaB,-1,yqaA,238,AGA,AGR in RBS of downstream,1.0,1.0,1.0,1.0,1.0,1.0,1.0,1.0,*,*,CGT
ratA,-1,ratB,472,AGG,AGR in RBS of downstream,1.09,1.09,1.09,1.09,1.0,1.0,1.0,1.0,*,*,CGG
rseB,-1,rseC,844,AGA,AGR in RBS of downstream,1.0,1.0,1.0,1.0,1.0,1.0,1.0,1.0,*,*,CGT
lepA,-1,lepB,1135,AGA,AGR in RBS of downstream,1.0,1.0,1.0,1.0,1.0,1.0,1.0,1.0,*,*,CGA
recO,-1,pdxJ,673,AGG,AGR in RBS of downstream,1.0,1.0,1.0,1.0,1.0,1.0,1.0,1.0,*,*,CGT
yfhM,-1,pbpC,4954,AGA,AGR in RBS of downstream,1.08,1.05,1.01,1.05,1.68,1.23,1.23,1.22,CGG,CGT,CGG
dapA,-1,bamC,847,AGA,AGR in RBS of downstream,1.0,1.0,1.0,1.0,1.0,1.0,1.0,1.0,*,*,CGT
ypfJ,-1,tmcA,43,AGG,AGR in RBS of downstream,1.0,1.0,1.0,1.0,1.0,1.0,1.0,1.0,*,*,CGA
eutP,-1,eutQ,85,AGA,AGR in RBS of downstream,1.0,1.0,1.0,1.0,1.0,1.0,1.0,1.0,*,*,CGA
eutT,-1,eutD,31,AGA,AGR in RBS of downstream,1.0,1.0,1.0,1.0,1.0,1.0,1.0,1.0,*,*,CGA
eutE,-1,eutJ,214,AGA,AGR in RBS of downstream,1.0,1.0,1.0,1.0,1.0,1.0,1.0,1.0,*,*,CGA
eutH,-1,eutA,64,AGG,AGR in RBS of downstream,1.0,1.0,1.0,1.0,1.0,1.0,1.0,1.0,*,*,CGC
cysU,-1,cysW,19,AGA,AGR in RBS of downstream,1.0,1.0,1.0,1.0,1.0,1.0,1.0,1.0,*,*,CGT
ligA,-1,ypeB,109,AGG,AGR in RBS of downstream,1.0,1.0,1.0,1.0,1.0,1.0,1.0,1.0,*,*,CGT
emrK,-1,emrY,664,AGA,AGR in RBS of downstream,1.0,1.0,1.0,1.0,1.0,1.0,1.0,1.0,*,*,CGG
yfcQ,-1,yfcP,4,AGA,AGR in RBS of downstream,1.0,1.0,1.0,1.0,1.0,1.0,1.0,1.0,*,*,CGG
yfcP,-1,yfcO,454,AGA,AGR in RBS of downstream,1.0,1.0,1.0,1.0,1.0,1.0,1.0,1.0,*,*,CGG
folC,-1,dedD,1252,AGA,AGR in RBS of downstream,1.0,1.05,1.01,1.07,1.32,1.32,1.32,1.32,CGA,*,CGG
hisQ,-1,hisM,673,AGG,AGR in RBS of downstream,1.08,1.06,1.09,1.06,1.13,5.16,1.64,2.67,CGC,CGA,CGA
hisM,-1,hisP,667,AGA,AGR in RBS of downstream,1.0,1.0,1.0,1.0,1.0,1.0,1.0,1.0,*,*,CGA
nuoA,-1,nuoB,130,AGG,AGR in RBS of downstream,1.0,1.0,1.0,1.0,1.0,1.0,1.0,1.0,*,*,CGG
nuoJ,-1,nuoK,532,AGA,AGR in RBS of downstream,1.01,1.05,1.01,1.11,1.0,1.09,1.18,1.0,CGA,CGA,CGA
nuoM,-1,nuoN,1522,AGG,AGR in RBS of downstream,1.03,1.03,1.0,1.02,1.16,1.16,1.95,1.16,CGG,CGA,CGT
menD,-1,menH,70,AGA,AGR in RBS of downstream,1.0,1.0,1.0,1.0,1.0,1.0,1.0,1.0,*,*,CGC
menC,-1,menE,64,AGG,AGR in RBS of downstream,1.0,1.0,1.0,1.0,1.0,1.0,1.0,1.0,*,*,CGG
rhmR,-1,rhmD,727,AGG,AGR in RBS of downstream,1.0,1.0,1.0,1.0,1.0,1.0,1.0,1.0,*,*,CGG
rhmT,-1,rhmA,241,AGA,AGR in RBS of downstream,1.0,1.0,1.0,1.0,1.0,1.0,1.0,1.0,*,*,CGG
yfaA,-1,yfaT,793,AGG,AGR in RBS of downstream,1.0,1.0,1.0,1.0,1.0,1.0,1.0,1.0,*,*,CGG
yfaQ,-1,yfaP,985,AGA,AGR in RBS of downstream,1.0,1.0,1.0,1.0,1.0,1.0,1.0,1.0,*,*,CGA
ada,-1,alkB,1060,AGG,AGR in RBS of downstream,1.02,1.02,1.07,1.02,1.77,1.95,1.68,1.68,CGA,CGT,CGT
napF,-1,napD,268,AGG,AGR in RBS of downstream,1.0,1.0,1.0,1.0,1.0,1.0,1.0,1.0,*,*,CGG
napH,-1,napB,367,AGG,AGR in RBS of downstream,1.0,1.0,1.0,1.0,1.0,1.0,1.0,1.0,*,*,CGG
ccmA,-1,ccmB,613,AGG,AGR in RBS of downstream,1.05,1.14,1.05,1.08,4.83,5.91,4.06,5.9,CGA,CGG,CGG
ccmC,-1,ccmD,724,AGA,AGR in RBS of downstream,1.0,1.06,1.1,1.0,1.05,2.44,1.9,2.62,CGA,CGA,CGA
fruK,-1,fruA,7,AGA,AGR in RBS of downstream,1.0,1.0,1.0,1.0,1.0,1.0,1.0,1.0,*,*,CGG
psuK,-1,psuG,400,AGG,AGR in RBS of downstream,1.0,1.0,1.0,1.0,1.0,1.0,1.0,1.0,*,*,CGA
osmF,-1,yehY,763,AGG,AGR in RBS of downstream,1.0,1.0,1.0,1.0,1.0,1.0,1.0,1.0,*,*,CGA
yehY,-1,yehX,868,AGA,AGR in RBS of downstream,1.0,1.0,1.0,1.0,1.0,1.0,1.0,1.0,*,*,CGA
yehU,-1,yehT,1672,AGG,AGR in RBS of downstream,1.04,1.0,1.03,1.14,5.02,9.17,4.15,9.24,CGC,CGG,CGG
yehC,-1,yehB,436,AGA,AGR in RBS of downstream,1.0,1.0,1.0,1.0,1.0,1.0,1.0,1.0,*,*,CGA
yehB,-1,yehA,2461,AGA,AGR in RBS of downstream,1.05,1.0,1.03,1.01,1.0,1.0,1.0,1.0,CGC,*,CGC
thiM,-1,thiD,712,AGA,AGR in RBS of downstream,1.0,1.0,1.0,1.0,1.0,1.0,1.0,1.0,*,*,CGA
yegL,-1,yegK,457,AGG,AGR in RBS of downstream,1.0,1.0,1.0,1.0,1.0,1.0,1.0,1.0,*,*,CGT
wcaD,-1,wcaE,1213,AGG,AGR in RBS of downstream,1.0,1.09,1.01,1.01,1.8,1.89,1.84,1.84,CGA,CGA,CGA
gmd,-1,wcaG,1018,AGA,AGR in RBS of downstream,1.0,1.0,1.0,1.0,1.0,1.0,1.0,1.0,*,*,CGA
wcaG,-1,wcaH,58,AGG,AGR in RBS of downstream,1.0,1.0,1.0,1.0,1.0,1.0,1.0,1.0,*,*,CGG
wcaH,-1,wcaI,328,AGA,AGR in RBS of downstream,1.0,1.0,1.0,1.0,1.0,1.0,1.0,1.0,*,*,CGG
wcaL,-1,wcaM,796,AGA,AGR in RBS of downstream,1.0,1.0,1.0,1.0,1.0,1.0,1.0,1.0,*,*,CGA
rfbA,-1,rfbC,808,AGA,AGR in RBS of downstream,1.0,1.0,1.0,1.0,1.0,1.0,1.0,1.0,*,*,CGT
rfbC,-1,wzxB,538,AGA,AGR in RBS of downstream,1.12,1.12,1.15,1.14,1.63,1.32,1.04,1.0,CGA,CGT,CGT
wzxB,-1,glf,1222,AGA,AGR in RBS of downstream,1.07,1.03,1.08,1.12,1.0,1.0,1.0,1.0,CGC,*,CGT
glf,-1,wbbH,991,AGA,AGR in RBS of downstream,1.0,1.0,1.0,1.0,1.0,1.0,1.0,1.0,*,*,CGA
wbbH,-1,wbbI,997,AGA,AGR in RBS of downstream,1.0,1.0,1.0,1.0,1.0,1.0,1.0,1.0,*,*,CGA
wbbI,-1,wbbJ,949,AGG,AGR in RBS of downstream,1.02,1.02,1.01,1.02,1.0,1.0,1.0,1.0,CGG,*,CGT
wbbJ,-1,wbbK,496,AGA,AGR in RBS of downstream,1.0,1.0,1.0,1.0,1.0,1.0,1.0,1.0,*,*,CGA
yefM,-1,yoeB,187,AGA,AGR in RBS of downstream,1.0,1.0,1.0,1.0,1.0,1.0,1.0,1.0,*,*,CGG
yedW,-1,yedV,580,AGG,AGR in RBS of downstream,1.0,1.0,1.0,1.0,1.0,1.0,1.0,1.0,*,*,CGG
yecS,-1,yecC,655,AGA,AGR in RBS of downstream,1.0,1.0,1.0,1.0,1.86,2.04,1.86,1.27,*,CGT,CGT
araG,-1,araH,1078,AGA,AGR in RBS of downstream,1.0,1.0,1.0,1.0,1.0,1.0,1.0,1.0,*,*,CGA
otsB,-1,otsA,763,AGG,AGR in RBS of downstream,1.0,1.01,1.01,1.04,3.72,4.42,1.18,5.95,CGA,CGG,CGG
flhD,-1,flhC,343,AGG,AGR in RBS of downstream,1.01,1.06,1.01,1.0,1.9,3.88,1.9,3.49,CGT,CGA,CGA
motB,-1,cheA,922,AGG,AGR in RBS of downstream,1.1,1.11,1.1,1.06,4.34,6.45,3.97,5.51,CGT,CGG,CGG
cheA,-1,cheW,229,AGA,AGR in RBS of downstream,1.0,1.0,1.0,1.0,1.0,1.0,1.0,1.0,*,*,CGA
tap,-1,cheR,343,AGG,AGR in RBS of downstream,1.0,1.0,1.0,1.0,1.0,1.0,1.0,1.0,*,*,CGT
cheR,-1,cheB,490,AGA,AGR in RBS of downstream,1.0,1.0,1.0,1.0,1.0,1.0,1.0,1.0,*,*,CGC
cheB,-1,cheY,604,AGA,AGR in RBS of downstream,1.0,1.0,1.0,1.0,1.0,1.0,1.0,1.0,*,*,CGA
flhB,-1,flhA,256,AGA,AGR in RBS of downstream,1.0,1.0,1.0,1.0,1.0,1.0,1.0,1.0,*,*,CGA
yecM,-1,cutC,223,AGA,AGR in RBS of downstream,1.0,1.0,1.0,1.0,1.0,1.0,1.0,1.0,*,*,CGA
ruvA,-1,ruvB,16,AGA,AGR in RBS of downstream,1.0,1.0,1.0,1.0,1.0,1.0,1.0,1.0,*,*,CGA
znuA,-1,mepM,778,AGG,AGR in RBS of downstream,1.0,1.0,1.0,1.0,1.0,1.0,1.0,1.0,*,*,CGG
yebZ,-1,yebY,757,AGG,AGR in RBS of downstream,1.0,1.0,1.0,1.0,1.0,1.0,1.0,1.0,*,*,CGT
ydjK,-1,ydjJ,427,AGA,AGR in RBS of downstream,1.0,1.0,1.0,1.0,1.0,1.0,1.0,1.0,*,*,CGA
ydjI,-1,ydjH,16,AGA,AGR in RBS of downstream,1.0,1.0,1.0,1.0,1.0,1.0,1.0,1.0,*,*,CGA
ydjH,-1,ydjG,907,AGA,AGR in RBS of downstream,1.0,1.0,1.0,1.0,1.0,1.0,1.0,1.0,*,*,CGC
astA,-1,astD,124,AGG,AGR in RBS of downstream,1.0,1.0,1.0,1.0,1.0,1.0,1.0,1.0,*,*,CGG
astD,-1,astB,253,AGA,AGR in RBS of downstream,1.0,1.0,1.0,1.0,1.0,1.0,1.0,1.0,*,*,CGG
astB,-1,astE,667,AGG,AGR in RBS of downstream,1.0,1.0,1.0,1.0,1.0,1.0,1.0,1.0,*,*,CGG
thrS,-1,infC,1720,AGA,AGR in RBS of downstream,1.0,1.0,1.0,1.0,1.0,1.0,1.0,1.0,*,*,CGG
pheT,-1,ihfA,2380,AGG,AGR in RBS of downstream,1.02,1.03,1.02,1.01,1.17,2.35,1.41,2.67,CGT,CGA,CGA
btuE,-1,btuD,460,AGG,AGR in RBS of downstream,1.0,1.0,1.0,1.0,1.0,1.0,1.0,1.0,*,*,CGG
sufD,-1,sufS,1267,AGA,AGR in RBS of downstream,1.01,1.03,1.03,1.04,1.59,19.42,2.18,1.88,CGA,CGA,CGA
sufS,-1,sufE,991,AGG,AGR in RBS of downstream,1.0,1.0,1.0,1.0,1.0,1.0,1.0,1.0,*,*,CGG
ydhV,-1,ydhW,31,AGA,AGR in RBS of downstream,1.0,1.0,1.0,1.0,1.0,1.0,1.0,1.0,*,*,CGA
ydhX,-1,ydhU,88,AGG,AGR in RBS of downstream,1.0,1.0,1.0,1.0,1.0,1.0,1.0,1.0,*,*,CGG
ydhU,-1,ydhT,646,AGA,AGR in RBS of downstream,1.0,1.0,1.0,1.0,1.0,1.0,1.0,1.0,*,*,CGG
pntA,-1,pntB,19,AGA,AGR in RBS of downstream,1.0,1.0,1.0,1.0,1.0,1.0,1.0,1.0,*,*,CGG
ydeS,-1,ydeR,496,AGG,AGR in RBS of downstream,1.0,1.0,1.0,1.0,1.0,1.0,1.0,1.0,*,*,CGG
ddpA,-1,ddpB,1198,AGA,AGR in RBS of downstream,1.0,1.0,1.0,1.0,1.0,1.0,1.0,1.0,*,*,CGA
ddpB,-1,ddpC,505,AGG,AGR in RBS of downstream,1.0,1.0,1.0,1.0,1.0,1.0,1.0,1.0,*,*,CGG
ddpD,-1,ddpF,391,AGA,AGR in RBS of downstream,1.0,1.0,1.0,1.0,1.0,1.0,1.0,1.0,*,*,CGA
abgA,-1,abgB,823,AGA,AGR in RBS of downstream,1.0,1.0,1.0,1.0,1.0,1.0,1.0,1.0,*,*,CGG
abgT,-1,ogt,481,AGG,AGR in RBS of downstream,1.0,1.0,1.0,1.0,1.0,1.0,1.0,1.0,*,*,CGG
trpE,-1,trpD,1024,AGA,AGR in RBS of downstream,1.0,1.0,1.0,1.0,1.0,1.0,1.0,1.0,*,*,CGG
trpD,-1,trpC,1567,AGA,AGR in RBS of downstream,1.06,1.13,1.03,1.1,1.0,1.0,1.0,1.0,CGG,*,CGA
trpB,-1,trpA,655,AGA,AGR in RBS of downstream,1.0,1.0,1.0,1.0,1.0,1.0,1.0,1.0,*,*,CGA
dhaL,-1,dhaM,13,AGA,AGR in RBS of downstream,1.0,1.0,1.0,1.0,1.0,1.0,1.0,1.0,*,*,CGC
minD,-1,minE,568,AGA,AGR in RBS of downstream,1.0,1.0,1.0,1.0,1.0,1.0,1.0,1.0,*,*,CGG
rluE,-1,nudJ,91,AGG,AGR in RBS of downstream,1.0,1.0,1.0,1.0,1.0,1.0,1.0,1.0,*,*,CGA
potA,-1,potB,649,AGG,AGR in RBS of downstream,1.0,1.0,1.0,1.0,1.0,1.0,1.0,1.0,*,*,CGG
ymfA,-1,ycfZ,439,AGG,AGR in RBS of downstream,1.11,1.12,1.07,1.14,1.72,1.36,1.32,1.72,CGG,CGG,CGG
solA,-1,yceO,1099,AGG,AGR in RBS of downstream,1.08,1.07,1.0,1.08,1.0,1.0,1.0,1.0,CGG,*,CGG
yceJ,-1,yceI,271,AGA,AGR in RBS of downstream,1.0,1.0,1.0,1.0,1.0,1.0,1.0,1.0,*,*,CGG
csgD,-1,csgE,643,AGG,AGR in RBS of downstream,1.07,1.08,1.02,1.06,2.21,2.21,1.27,2.21,CGG,CGG,CGG
pgaA,-1,pgaB,2416,AGA,AGR in RBS of downstream,1.0,1.02,1.04,1.01,2.17,2.17,2.17,2.17,CGA,*,CGA
pgaB,-1,pgaC,1327,AGA,AGR in RBS of downstream,1.0,1.0,1.0,1.0,1.0,1.0,1.0,1.0,*,*,CGA
pgaC,-1,pgaD,1318,AGA,AGR in RBS of downstream,1.0,1.07,1.03,1.0,1.27,3.16,1.14,2.62,CGA,CGG,CGG
rutA,-1,rutB,49,AGG,AGR in RBS of downstream,1.0,1.0,1.0,1.0,1.0,1.0,1.0,1.0,*,*,CGG
gfcC,-1,gfcD,622,AGA,AGR in RBS of downstream,1.0,1.0,1.0,1.0,1.0,1.0,1.0,1.0,*,*,CGA
ssuE,-1,ssuA,448,AGA,AGR in RBS of downstream,1.0,1.0,1.0,1.0,1.0,1.0,1.0,1.0,*,*,CGA
ssuD,-1,ssuC,433,AGA,AGR in RBS of downstream,1.0,1.0,1.0,1.0,1.0,1.0,1.0,1.0,*,*,CGA
ltaE,-1,ybjT,889,AGA,AGR in RBS of downstream,1.0,1.0,1.0,1.0,1.0,1.0,1.0,1.0,*,*,CGG
artQ,-1,artM,706,AGG,AGR in RBS of downstream,1.05,1.0,1.01,1.01,3.93,4.31,2.67,4.15,CGC,CGG,CGG
ybiY,-1,ybiW,598,AGA,AGR in RBS of downstream,1.0,1.0,1.0,1.0,1.0,1.0,1.0,1.0,*,*,CGA
glnP,-1,glnQ,643,AGG,AGR in RBS of downstream,1.01,1.03,1.03,1.07,1.53,1.33,3.49,1.53,CGA,CGC,CGA
ybiH,-1,ybhG,661,AGG,AGR in RBS of downstream,1.09,1.07,1.08,1.08,4.51,4.65,1.59,5.05,CGC,CGG,CGG
ybhP,-1,clsB,655,AGG,AGR in RBS of downstream,1.0,1.0,1.0,1.0,1.0,1.0,1.0,1.0,*,*,CGG
clsB,-1,ybhN,790,AGA,AGR in RBS of downstream,1.0,1.0,1.0,1.0,1.0,1.0,1.0,1.0,*,*,CGA
galE,-1,galT,4,AGA,AGR in RBS of downstream,1.0,1.0,1.0,1.0,1.0,1.0,1.0,1.0,*,*,CGA
ybgQ,-1,ybgP,1576,AGA,AGR in RBS of downstream,1.0,1.0,1.0,1.0,1.0,1.0,1.0,1.0,*,*,CGG
ybgP,-1,ybgO,538,AGA,AGR in RBS of downstream,1.0,1.0,1.0,1.0,1.0,1.0,1.0,1.0,*,*,CGC
uof,-1,fur,19,AGA,AGR in RBS of downstream,1.0,1.0,1.0,1.0,1.0,1.0,1.0,1.0,*,*,CGA
gltK,-1,gltL,664,AGG,AGR in RBS of downstream,1.01,1.01,1.0,1.01,3.33,3.33,1.95,3.33,CGG,CGG,CGG
mrdA,-1,mrdB,1144,AGA,AGR in RBS of downstream,1.0,1.0,1.0,1.0,1.0,1.0,1.0,1.0,*,*,CGG
mrdB,-1,rlpA,1087,AGG,AGR in RBS of downstream,1.06,1.06,1.09,1.15,1.0,1.0,1.0,1.0,CGA,*,CGG
citX,-1,citG,73,AGG,AGR in RBS of downstream,1.0,1.0,1.0,1.0,1.0,1.0,1.0,1.0,*,*,CGG
nfrA,-1,ybcH,508,AGA,AGR in RBS of downstream,1.0,1.0,1.0,1.0,1.0,1.0,1.0,1.0,*,*,CGA
allD,-1,allC,115,AGA,AGR in RBS of downstream,1.0,1.0,1.0,1.0,1.0,1.0,1.0,1.0,*,*,CGA
allC,-1,allE,1030,AGA,AGR in RBS of downstream,1.0,1.0,1.0,1.0,1.0,1.0,1.0,1.0,*,*,CGA
priC,-1,ybaM,505,AGG,AGR in RBS of downstream,1.05,1.05,1.01,1.03,1.0,1.0,1.0,1.0,CGG,*,CGG
cyoA,-1,cyoB,10,AGG,AGR in RBS of downstream,1.0,1.0,1.0,1.0,1.0,1.0,1.0,1.0,*,*,CGG
panE,-1,yajL,859,AGA,AGR in RBS of downstream,1.04,1.03,1.12,1.02,1.63,1.63,1.59,1.05,CGT,CGT,CGT
betI,-1,betB,151,AGG,AGR in RBS of downstream,1.0,1.0,1.0,1.0,1.0,1.0,1.0,1.0,*,*,CGA
rclB,-1,rclC,154,AGA,AGR in RBS of downstream,1.0,1.0,1.0,1.0,1.0,1.0,1.0,1.0,*,*,CGA
ykgM,-1,ykgO,184,AGA,AGR in RBS of downstream,1.0,1.0,1.0,1.0,1.0,1.0,1.0,1.0,*,*,CGG
ecpC,-1,ecpD,2113,AGA,AGR in RBS of downstream,1.0,1.0,1.0,1.0,1.0,1.0,1.0,1.0,*,*,CGA
ecpD,-1,ecpE,64,AGA,AGR in RBS of downstream,1.0,1.0,1.0,1.0,1.0,1.0,1.0,1.0,*,*,CGG
paoA,-1,paoB,343,AGG,AGR in RBS of downstream,1.0,1.0,1.0,1.0,1.0,1.0,1.0,1.0,*,*,CGG
paoB,-1,paoC,943,AGG,AGR in RBS of downstream,1.06,1.07,1.02,1.0,7.8,6.58,3.05,4.8,CGT,CGG,CGG
paoC,-1,paoD,1693,AGA,AGR in RBS of downstream,1.0,1.0,1.0,1.0,1.0,1.0,1.0,1.0,*,*,CGA
rcsF,-1,tsaA,61,AGA,AGR in RBS of downstream,1.0,1.0,1.0,1.0,1.0,1.0,1.0,1.0,*,*,CGC
yaeP,-1,rof,142,AGG,AGR in RBS of downstream,1.0,1.0,1.0,1.0,1.0,1.0,1.0,1.0,*,*,CGG
pcnB,-1,folK,160,AGG,AGR in RBS of downstream,1.0,1.0,1.0,1.0,1.0,1.0,1.0,1.0,*,*,CGG
htrE,-1,yadM,358,AGG,AGR in RBS of downstream,1.0,1.0,1.0,1.0,1.0,1.0,1.0,1.0,*,*,CGG
yadM,-1,yadL,175,AGA,AGR in RBS of downstream,1.0,1.0,1.0,1.0,1.0,1.0,1.0,1.0,*,*,CGG
hofB,-1,hofC,547,AGG,AGR in RBS of downstream,1.0,1.0,1.0,1.0,1.0,1.0,1.0,1.0,*,*,CGC
coaE,-1,zapD,4,AGG,AGR in RBS of downstream,1.0,1.0,1.0,1.0,1.0,1.0,1.0,1.0,*,*,CGG
thiP,-1,thiQ,250,AGG,AGR in RBS of downstream,1.0,1.0,1.0,1.0,1.0,1.0,1.0,1.0,*,*,CGG
surA,-1,pdxA,169,AGG,AGR in RBS of downstream,1.0,1.0,1.0,1.0,1.0,1.0,1.0,1.0,*,*,CGG
caiD,-1,caiE,487,AGA,AGR in RBS of downstream,1.0,1.0,1.0,1.0,1.0,1.0,1.0,1.0,*,*,CGA
hokC,-1,mokC,76,AGA,AGR in RBS of downstream,1.0,1.0,1.0,1.0,1.0,1.0,1.0,1.0,*,*,CGA
